issue_date,issue_time,datetime,horizon_h,power_forecast
2026-01-31,2026-01-31 14:00,2026-02-01 00:00,10,0.0186
2026-01-31,2026-01-31 14:00,2026-02-01 01:00,11,0.0335
2026-01-31,2026-01-31 14:00,2026-02-01 02:00,12,0.0093
2026-01-31,2026-01-31 14:00,2026-02-01 03:00,13,0.0095
2026-01-31,2026-01-31 14:00,2026-02-01 04:00,14,0.0124
2026-01-31,2026-01-31 14:00,2026-02-01 05:00,15,0.0104
2026-01-31,2026-01-31 14:00,2026-02-01 06:00,16,0.0103
2026-01-31,2026-01-31 14:00,2026-02-01 07:00,17,0.0204
2026-01-31,2026-01-31 14:00,2026-02-01 08:00,18,0.0412
2026-01-31,2026-01-31 14:00,2026-02-01 09:00,19,0.1028
2026-01-31,2026-01-31 14:00,2026-02-01 10:00,20,0.1278
2026-01-31,2026-01-31 14:00,2026-02-01 11:00,21,0.1878
2026-01-31,2026-01-31 14:00,2026-02-01 12:00,22,0.1624
2026-01-31,2026-01-31 14:00,2026-02-01 13:00,23,0.1965
2026-01-31,2026-01-31 14:00,2026-02-01 14:00,24,0.2248
2026-01-31,2026-01-31 14:00,2026-02-01 15:00,25,0.1968
2026-01-31,2026-01-31 14:00,2026-02-01 16:00,26,0.1889
2026-01-31,2026-01-31 14:00,2026-02-01 17:00,27,0.202
2026-01-31,2026-01-31 14:00,2026-02-01 18:00,28,0.2377
2026-01-31,2026-01-31 14:00,2026-02-01 19:00,29,0.1909
2026-01-31,2026-01-31 14:00,2026-02-01 20:00,30,0.1911
2026-01-31,2026-01-31 14:00,2026-02-01 21:00,31,0.1985
2026-01-31,2026-01-31 14:00,2026-02-01 22:00,32,0.1813
2026-01-31,2026-01-31 14:00,2026-02-01 23:00,33,0.1556
2026-01-31,2026-01-31 14:00,2026-02-02 00:00,34,0.1303
2026-01-31,2026-01-31 14:00,2026-02-02 01:00,35,0.1617
2026-01-31,2026-01-31 14:00,2026-02-02 02:00,36,0.182
2026-01-31,2026-01-31 14:00,2026-02-02 03:00,37,0.1717
2026-01-31,2026-01-31 14:00,2026-02-02 04:00,38,0.2499
2026-01-31,2026-01-31 14:00,2026-02-02 05:00,39,0.3409
2026-01-31,2026-01-31 14:00,2026-02-02 06:00,40,0.3423
2026-01-31,2026-01-31 14:00,2026-02-02 07:00,41,0.3695
2026-01-31,2026-01-31 14:00,2026-02-02 08:00,42,0.3895
2026-01-31,2026-01-31 14:00,2026-02-02 09:00,43,0.449
2026-01-31,2026-01-31 14:00,2026-02-02 10:00,44,0.5506
2026-01-31,2026-01-31 14:00,2026-02-02 11:00,45,0.702
2026-01-31,2026-01-31 14:00,2026-02-02 12:00,46,0.7615
2026-01-31,2026-01-31 14:00,2026-02-02 13:00,47,0.8633
2026-01-31,2026-01-31 14:00,2026-02-02 14:00,48,0.8753
2026-01-31,2026-01-31 14:00,2026-02-02 15:00,49,0.835
2026-01-31,2026-01-31 14:00,2026-02-02 16:00,50,0.5832
2026-01-31,2026-01-31 14:00,2026-02-02 17:00,51,0.3232
2026-01-31,2026-01-31 14:00,2026-02-02 18:00,52,0.2551
2026-01-31,2026-01-31 14:00,2026-02-02 19:00,53,0.1948
2026-01-31,2026-01-31 14:00,2026-02-02 20:00,54,0.1202
2026-01-31,2026-01-31 14:00,2026-02-02 21:00,55,0.1059
2026-01-31,2026-01-31 14:00,2026-02-02 22:00,56,0.0739
2026-01-31,2026-01-31 14:00,2026-02-02 23:00,57,0.0612
2026-02-01,2026-02-01 14:00,2026-02-02 00:00,10,0.159
2026-02-01,2026-02-01 14:00,2026-02-02 01:00,11,0.1981
2026-02-01,2026-02-01 14:00,2026-02-02 02:00,12,0.2522
2026-02-01,2026-02-01 14:00,2026-02-02 03:00,13,0.325
2026-02-01,2026-02-01 14:00,2026-02-02 04:00,14,0.4937
2026-02-01,2026-02-01 14:00,2026-02-02 05:00,15,0.576
2026-02-01,2026-02-01 14:00,2026-02-02 06:00,16,0.5295
2026-02-01,2026-02-01 14:00,2026-02-02 07:00,17,0.443
2026-02-01,2026-02-01 14:00,2026-02-02 08:00,18,0.3856
2026-02-01,2026-02-01 14:00,2026-02-02 09:00,19,0.6121
2026-02-01,2026-02-01 14:00,2026-02-02 10:00,20,0.6462
2026-02-01,2026-02-01 14:00,2026-02-02 11:00,21,0.7026
2026-02-01,2026-02-01 14:00,2026-02-02 12:00,22,0.8607
2026-02-01,2026-02-01 14:00,2026-02-02 13:00,23,0.8533
2026-02-01,2026-02-01 14:00,2026-02-02 14:00,24,0.9107
2026-02-01,2026-02-01 14:00,2026-02-02 15:00,25,0.9046
2026-02-01,2026-02-01 14:00,2026-02-02 16:00,26,0.8991
2026-02-01,2026-02-01 14:00,2026-02-02 17:00,27,0.8043
2026-02-01,2026-02-01 14:00,2026-02-02 18:00,28,0.4564
2026-02-01,2026-02-01 14:00,2026-02-02 19:00,29,0.2798
2026-02-01,2026-02-01 14:00,2026-02-02 20:00,30,0.1565
2026-02-01,2026-02-01 14:00,2026-02-02 21:00,31,0.1101
2026-02-01,2026-02-01 14:00,2026-02-02 22:00,32,0.1272
2026-02-01,2026-02-01 14:00,2026-02-02 23:00,33,0.1306
2026-02-01,2026-02-01 14:00,2026-02-03 00:00,34,0.1381
2026-02-01,2026-02-01 14:00,2026-02-03 01:00,35,0.0854
2026-02-01,2026-02-01 14:00,2026-02-03 02:00,36,0.1386
2026-02-01,2026-02-01 14:00,2026-02-03 03:00,37,0.1778
2026-02-01,2026-02-01 14:00,2026-02-03 04:00,38,0.2243
2026-02-01,2026-02-01 14:00,2026-02-03 05:00,39,0.1616
2026-02-01,2026-02-01 14:00,2026-02-03 06:00,40,0.0964
2026-02-01,2026-02-01 14:00,2026-02-03 07:00,41,0.0606
2026-02-01,2026-02-01 14:00,2026-02-03 08:00,42,0.0604
2026-02-01,2026-02-01 14:00,2026-02-03 09:00,43,0.0444
2026-02-01,2026-02-01 14:00,2026-02-03 10:00,44,0.0395
2026-02-01,2026-02-01 14:00,2026-02-03 11:00,45,0.0232
2026-02-01,2026-02-01 14:00,2026-02-03 12:00,46,0.0268
2026-02-01,2026-02-01 14:00,2026-02-03 13:00,47,0.026
2026-02-01,2026-02-01 14:00,2026-02-03 14:00,48,0.0379
2026-02-01,2026-02-01 14:00,2026-02-03 15:00,49,0.0554
2026-02-01,2026-02-01 14:00,2026-02-03 16:00,50,0.1288
2026-02-01,2026-02-01 14:00,2026-02-03 17:00,51,0.2039
2026-02-01,2026-02-01 14:00,2026-02-03 18:00,52,0.2191
2026-02-01,2026-02-01 14:00,2026-02-03 19:00,53,0.2991
2026-02-01,2026-02-01 14:00,2026-02-03 20:00,54,0.2623
2026-02-01,2026-02-01 14:00,2026-02-03 21:00,55,0.1934
2026-02-01,2026-02-01 14:00,2026-02-03 22:00,56,0.1763
2026-02-01,2026-02-01 14:00,2026-02-03 23:00,57,0.1663
2026-02-02,2026-02-02 14:00,2026-02-03 00:00,10,0.0872
2026-02-02,2026-02-02 14:00,2026-02-03 01:00,11,0.1159
2026-02-02,2026-02-02 14:00,2026-02-03 02:00,12,0.2653
2026-02-02,2026-02-02 14:00,2026-02-03 03:00,13,0.4242
2026-02-02,2026-02-02 14:00,2026-02-03 04:00,14,0.4102
2026-02-02,2026-02-02 14:00,2026-02-03 05:00,15,0.2972
2026-02-02,2026-02-02 14:00,2026-02-03 06:00,16,0.2246
2026-02-02,2026-02-02 14:00,2026-02-03 07:00,17,0.2097
2026-02-02,2026-02-02 14:00,2026-02-03 08:00,18,0.086
2026-02-02,2026-02-02 14:00,2026-02-03 09:00,19,0.0438
2026-02-02,2026-02-02 14:00,2026-02-03 10:00,20,0.0549
2026-02-02,2026-02-02 14:00,2026-02-03 11:00,21,0.0515
2026-02-02,2026-02-02 14:00,2026-02-03 12:00,22,0.0635
2026-02-02,2026-02-02 14:00,2026-02-03 13:00,23,0.0855
2026-02-02,2026-02-02 14:00,2026-02-03 14:00,24,0.0417
2026-02-02,2026-02-02 14:00,2026-02-03 15:00,25,0.074
2026-02-02,2026-02-02 14:00,2026-02-03 16:00,26,0.1308
2026-02-02,2026-02-02 14:00,2026-02-03 17:00,27,0.2214
2026-02-02,2026-02-02 14:00,2026-02-03 18:00,28,0.3134
2026-02-02,2026-02-02 14:00,2026-02-03 19:00,29,0.3852
2026-02-02,2026-02-02 14:00,2026-02-03 20:00,30,0.3423
2026-02-02,2026-02-02 14:00,2026-02-03 21:00,31,0.3036
2026-02-02,2026-02-02 14:00,2026-02-03 22:00,32,0.2541
2026-02-02,2026-02-02 14:00,2026-02-03 23:00,33,0.2028
2026-02-02,2026-02-02 14:00,2026-02-04 00:00,34,0.231
2026-02-02,2026-02-02 14:00,2026-02-04 01:00,35,0.2639
2026-02-02,2026-02-02 14:00,2026-02-04 02:00,36,0.2741
2026-02-02,2026-02-02 14:00,2026-02-04 03:00,37,0.3546
2026-02-02,2026-02-02 14:00,2026-02-04 04:00,38,0.4073
2026-02-02,2026-02-02 14:00,2026-02-04 05:00,39,0.4228
2026-02-02,2026-02-02 14:00,2026-02-04 06:00,40,0.4218
2026-02-02,2026-02-02 14:00,2026-02-04 07:00,41,0.4881
2026-02-02,2026-02-02 14:00,2026-02-04 08:00,42,0.5361
2026-02-02,2026-02-02 14:00,2026-02-04 09:00,43,0.4791
2026-02-02,2026-02-02 14:00,2026-02-04 10:00,44,0.358
2026-02-02,2026-02-02 14:00,2026-02-04 11:00,45,0.1803
2026-02-02,2026-02-02 14:00,2026-02-04 12:00,46,0.0795
2026-02-02,2026-02-02 14:00,2026-02-04 13:00,47,0.0445
2026-02-02,2026-02-02 14:00,2026-02-04 14:00,48,0.0436
2026-02-02,2026-02-02 14:00,2026-02-04 15:00,49,0.0361
2026-02-02,2026-02-02 14:00,2026-02-04 16:00,50,0.044
2026-02-02,2026-02-02 14:00,2026-02-04 17:00,51,0.0402
2026-02-02,2026-02-02 14:00,2026-02-04 18:00,52,0.0574
2026-02-02,2026-02-02 14:00,2026-02-04 19:00,53,0.0798
2026-02-02,2026-02-02 14:00,2026-02-04 20:00,54,0.1667
2026-02-02,2026-02-02 14:00,2026-02-04 21:00,55,0.2656
2026-02-02,2026-02-02 14:00,2026-02-04 22:00,56,0.3511
2026-02-02,2026-02-02 14:00,2026-02-04 23:00,57,0.6142
2026-02-03,2026-02-03 14:00,2026-02-04 00:00,10,0.6655
2026-02-03,2026-02-03 14:00,2026-02-04 01:00,11,0.6345
2026-02-03,2026-02-03 14:00,2026-02-04 02:00,12,0.62
2026-02-03,2026-02-03 14:00,2026-02-04 03:00,13,0.652
2026-02-03,2026-02-03 14:00,2026-02-04 04:00,14,0.7056
2026-02-03,2026-02-03 14:00,2026-02-04 05:00,15,0.7564
2026-02-03,2026-02-03 14:00,2026-02-04 06:00,16,0.7163
2026-02-03,2026-02-03 14:00,2026-02-04 07:00,17,0.6243
2026-02-03,2026-02-03 14:00,2026-02-04 08:00,18,0.5542
2026-02-03,2026-02-03 14:00,2026-02-04 09:00,19,0.5162
2026-02-03,2026-02-03 14:00,2026-02-04 10:00,20,0.3812
2026-02-03,2026-02-03 14:00,2026-02-04 11:00,21,0.3153
2026-02-03,2026-02-03 14:00,2026-02-04 12:00,22,0.2241
2026-02-03,2026-02-03 14:00,2026-02-04 13:00,23,0.2116
2026-02-03,2026-02-03 14:00,2026-02-04 14:00,24,0.1776
2026-02-03,2026-02-03 14:00,2026-02-04 15:00,25,0.1812
2026-02-03,2026-02-03 14:00,2026-02-04 16:00,26,0.1478
2026-02-03,2026-02-03 14:00,2026-02-04 17:00,27,0.0923
2026-02-03,2026-02-03 14:00,2026-02-04 18:00,28,0.0457
2026-02-03,2026-02-03 14:00,2026-02-04 19:00,29,0.068
2026-02-03,2026-02-03 14:00,2026-02-04 20:00,30,0.3341
2026-02-03,2026-02-03 14:00,2026-02-04 21:00,31,0.5151
2026-02-03,2026-02-03 14:00,2026-02-04 22:00,32,0.6153
2026-02-03,2026-02-03 14:00,2026-02-04 23:00,33,0.8295
2026-02-03,2026-02-03 14:00,2026-02-05 00:00,34,0.7209
2026-02-03,2026-02-03 14:00,2026-02-05 01:00,35,0.8474
2026-02-03,2026-02-03 14:00,2026-02-05 02:00,36,0.9198
2026-02-03,2026-02-03 14:00,2026-02-05 03:00,37,0.952
2026-02-03,2026-02-03 14:00,2026-02-05 04:00,38,0.968
2026-02-03,2026-02-03 14:00,2026-02-05 05:00,39,0.9707
2026-02-03,2026-02-03 14:00,2026-02-05 06:00,40,0.9777
2026-02-03,2026-02-03 14:00,2026-02-05 07:00,41,0.9822
2026-02-03,2026-02-03 14:00,2026-02-05 08:00,42,0.9792
2026-02-03,2026-02-03 14:00,2026-02-05 09:00,43,0.9839
2026-02-03,2026-02-03 14:00,2026-02-05 10:00,44,0.9806
2026-02-03,2026-02-03 14:00,2026-02-05 11:00,45,0.9803
2026-02-03,2026-02-03 14:00,2026-02-05 12:00,46,0.9832
2026-02-03,2026-02-03 14:00,2026-02-05 13:00,47,0.9819
2026-02-03,2026-02-03 14:00,2026-02-05 14:00,48,0.9828
2026-02-03,2026-02-03 14:00,2026-02-05 15:00,49,0.9791
2026-02-03,2026-02-03 14:00,2026-02-05 16:00,50,0.9788
2026-02-03,2026-02-03 14:00,2026-02-05 17:00,51,0.9795
2026-02-03,2026-02-03 14:00,2026-02-05 18:00,52,0.9811
2026-02-03,2026-02-03 14:00,2026-02-05 19:00,53,0.9175
2026-02-03,2026-02-03 14:00,2026-02-05 20:00,54,0.8828
2026-02-03,2026-02-03 14:00,2026-02-05 21:00,55,0.8736
2026-02-03,2026-02-03 14:00,2026-02-05 22:00,56,0.8715
2026-02-03,2026-02-03 14:00,2026-02-05 23:00,57,0.8881
2026-02-04,2026-02-04 14:00,2026-02-05 00:00,10,0.8645
2026-02-04,2026-02-04 14:00,2026-02-05 01:00,11,0.9096
2026-02-04,2026-02-04 14:00,2026-02-05 02:00,12,0.9499
2026-02-04,2026-02-04 14:00,2026-02-05 03:00,13,0.9625
2026-02-04,2026-02-04 14:00,2026-02-05 04:00,14,0.9714
2026-02-04,2026-02-04 14:00,2026-02-05 05:00,15,0.9785
2026-02-04,2026-02-04 14:00,2026-02-05 06:00,16,0.9781
2026-02-04,2026-02-04 14:00,2026-02-05 07:00,17,0.9837
2026-02-04,2026-02-04 14:00,2026-02-05 08:00,18,0.985
2026-02-04,2026-02-04 14:00,2026-02-05 09:00,19,0.9848
2026-02-04,2026-02-04 14:00,2026-02-05 10:00,20,0.9822
2026-02-04,2026-02-04 14:00,2026-02-05 11:00,21,0.9807
2026-02-04,2026-02-04 14:00,2026-02-05 12:00,22,0.9829
2026-02-04,2026-02-04 14:00,2026-02-05 13:00,23,0.982
2026-02-04,2026-02-04 14:00,2026-02-05 14:00,24,0.9793
2026-02-04,2026-02-04 14:00,2026-02-05 15:00,25,0.9813
2026-02-04,2026-02-04 14:00,2026-02-05 16:00,26,0.9808
2026-02-04,2026-02-04 14:00,2026-02-05 17:00,27,0.9551
2026-02-04,2026-02-04 14:00,2026-02-05 18:00,28,0.9408
2026-02-04,2026-02-04 14:00,2026-02-05 19:00,29,0.9246
2026-02-04,2026-02-04 14:00,2026-02-05 20:00,30,0.8242
2026-02-04,2026-02-04 14:00,2026-02-05 21:00,31,0.8201
2026-02-04,2026-02-04 14:00,2026-02-05 22:00,32,0.784
2026-02-04,2026-02-04 14:00,2026-02-05 23:00,33,0.6572
2026-02-04,2026-02-04 14:00,2026-02-06 00:00,34,0.6489
2026-02-04,2026-02-04 14:00,2026-02-06 01:00,35,0.5841
2026-02-04,2026-02-04 14:00,2026-02-06 02:00,36,0.6329
2026-02-04,2026-02-04 14:00,2026-02-06 03:00,37,0.4283
2026-02-04,2026-02-04 14:00,2026-02-06 04:00,38,0.3085
2026-02-04,2026-02-04 14:00,2026-02-06 05:00,39,0.1842
2026-02-04,2026-02-04 14:00,2026-02-06 06:00,40,0.1124
2026-02-04,2026-02-04 14:00,2026-02-06 07:00,41,0.118
2026-02-04,2026-02-04 14:00,2026-02-06 08:00,42,0.0971
2026-02-04,2026-02-04 14:00,2026-02-06 09:00,43,0.3374
2026-02-04,2026-02-04 14:00,2026-02-06 10:00,44,0.5708
2026-02-04,2026-02-04 14:00,2026-02-06 11:00,45,0.9068
2026-02-04,2026-02-04 14:00,2026-02-06 12:00,46,0.9441
2026-02-04,2026-02-04 14:00,2026-02-06 13:00,47,0.9741
2026-02-04,2026-02-04 14:00,2026-02-06 14:00,48,0.9582
2026-02-04,2026-02-04 14:00,2026-02-06 15:00,49,0.9822
2026-02-04,2026-02-04 14:00,2026-02-06 16:00,50,0.9823
2026-02-04,2026-02-04 14:00,2026-02-06 17:00,51,0.9763
2026-02-04,2026-02-04 14:00,2026-02-06 18:00,52,0.9762
2026-02-04,2026-02-04 14:00,2026-02-06 19:00,53,0.9717
2026-02-04,2026-02-04 14:00,2026-02-06 20:00,54,0.9695
2026-02-04,2026-02-04 14:00,2026-02-06 21:00,55,0.9785
2026-02-04,2026-02-04 14:00,2026-02-06 22:00,56,0.9751
2026-02-04,2026-02-04 14:00,2026-02-06 23:00,57,0.9262
2026-02-05,2026-02-05 14:00,2026-02-06 00:00,10,0.7267
2026-02-05,2026-02-05 14:00,2026-02-06 01:00,11,0.7386
2026-02-05,2026-02-05 14:00,2026-02-06 02:00,12,0.659
2026-02-05,2026-02-05 14:00,2026-02-06 03:00,13,0.4022
2026-02-05,2026-02-05 14:00,2026-02-06 04:00,14,0.2894
2026-02-05,2026-02-05 14:00,2026-02-06 05:00,15,0.2456
2026-02-05,2026-02-05 14:00,2026-02-06 06:00,16,0.125
2026-02-05,2026-02-05 14:00,2026-02-06 07:00,17,0.0755
2026-02-05,2026-02-05 14:00,2026-02-06 08:00,18,0.1061
2026-02-05,2026-02-05 14:00,2026-02-06 09:00,19,0.1354
2026-02-05,2026-02-05 14:00,2026-02-06 10:00,20,0.0555
2026-02-05,2026-02-05 14:00,2026-02-06 11:00,21,0.3097
2026-02-05,2026-02-05 14:00,2026-02-06 12:00,22,0.8108
2026-02-05,2026-02-05 14:00,2026-02-06 13:00,23,0.9435
2026-02-05,2026-02-05 14:00,2026-02-06 14:00,24,0.9793
2026-02-05,2026-02-05 14:00,2026-02-06 15:00,25,0.9818
2026-02-05,2026-02-05 14:00,2026-02-06 16:00,26,0.9824
2026-02-05,2026-02-05 14:00,2026-02-06 17:00,27,0.9831
2026-02-05,2026-02-05 14:00,2026-02-06 18:00,28,0.985
2026-02-05,2026-02-05 14:00,2026-02-06 19:00,29,0.9809
2026-02-05,2026-02-05 14:00,2026-02-06 20:00,30,0.9824
2026-02-05,2026-02-05 14:00,2026-02-06 21:00,31,0.9831
2026-02-05,2026-02-05 14:00,2026-02-06 22:00,32,0.9831
2026-02-05,2026-02-05 14:00,2026-02-06 23:00,33,0.9839
2026-02-05,2026-02-05 14:00,2026-02-07 00:00,34,0.9682
2026-02-05,2026-02-05 14:00,2026-02-07 01:00,35,0.9426
2026-02-05,2026-02-05 14:00,2026-02-07 02:00,36,0.7972
2026-02-05,2026-02-05 14:00,2026-02-07 03:00,37,0.6546
2026-02-05,2026-02-05 14:00,2026-02-07 04:00,38,0.4794
2026-02-05,2026-02-05 14:00,2026-02-07 05:00,39,0.3827
2026-02-05,2026-02-05 14:00,2026-02-07 06:00,40,0.2443
2026-02-05,2026-02-05 14:00,2026-02-07 07:00,41,0.0923
2026-02-05,2026-02-05 14:00,2026-02-07 08:00,42,0.0369
2026-02-05,2026-02-05 14:00,2026-02-07 09:00,43,0.0339
2026-02-05,2026-02-05 14:00,2026-02-07 10:00,44,0.0618
2026-02-05,2026-02-05 14:00,2026-02-07 11:00,45,0.0803
2026-02-05,2026-02-05 14:00,2026-02-07 12:00,46,0.1158
2026-02-05,2026-02-05 14:00,2026-02-07 13:00,47,0.1913
2026-02-05,2026-02-05 14:00,2026-02-07 14:00,48,0.2781
2026-02-05,2026-02-05 14:00,2026-02-07 15:00,49,0.2759
2026-02-05,2026-02-05 14:00,2026-02-07 16:00,50,0.2231
2026-02-05,2026-02-05 14:00,2026-02-07 17:00,51,0.143
2026-02-05,2026-02-05 14:00,2026-02-07 18:00,52,0.1158
2026-02-05,2026-02-05 14:00,2026-02-07 19:00,53,0.2909
2026-02-05,2026-02-05 14:00,2026-02-07 20:00,54,0.5504
2026-02-05,2026-02-05 14:00,2026-02-07 21:00,55,0.6908
2026-02-05,2026-02-05 14:00,2026-02-07 22:00,56,0.7255
2026-02-05,2026-02-05 14:00,2026-02-07 23:00,57,0.8023
2026-02-06,2026-02-06 14:00,2026-02-07 00:00,10,0.864
2026-02-06,2026-02-06 14:00,2026-02-07 01:00,11,0.7153
2026-02-06,2026-02-06 14:00,2026-02-07 02:00,12,0.5654
2026-02-06,2026-02-06 14:00,2026-02-07 03:00,13,0.4717
2026-02-06,2026-02-06 14:00,2026-02-07 04:00,14,0.3165
2026-02-06,2026-02-06 14:00,2026-02-07 05:00,15,0.2249
2026-02-06,2026-02-06 14:00,2026-02-07 06:00,16,0.0921
2026-02-06,2026-02-06 14:00,2026-02-07 07:00,17,0.037
2026-02-06,2026-02-06 14:00,2026-02-07 08:00,18,0.0156
2026-02-06,2026-02-06 14:00,2026-02-07 09:00,19,0.0101
2026-02-06,2026-02-06 14:00,2026-02-07 10:00,20,0.0976
2026-02-06,2026-02-06 14:00,2026-02-07 11:00,21,0.2606
2026-02-06,2026-02-06 14:00,2026-02-07 12:00,22,0.3394
2026-02-06,2026-02-06 14:00,2026-02-07 13:00,23,0.3986
2026-02-06,2026-02-06 14:00,2026-02-07 14:00,24,0.3049
2026-02-06,2026-02-06 14:00,2026-02-07 15:00,25,0.244
2026-02-06,2026-02-06 14:00,2026-02-07 16:00,26,0.1777
2026-02-06,2026-02-06 14:00,2026-02-07 17:00,27,0.0811
2026-02-06,2026-02-06 14:00,2026-02-07 18:00,28,0.077
2026-02-06,2026-02-06 14:00,2026-02-07 19:00,29,0.2032
2026-02-06,2026-02-06 14:00,2026-02-07 20:00,30,0.4446
2026-02-06,2026-02-06 14:00,2026-02-07 21:00,31,0.6188
2026-02-06,2026-02-06 14:00,2026-02-07 22:00,32,0.7416
2026-02-06,2026-02-06 14:00,2026-02-07 23:00,33,0.8003
2026-02-06,2026-02-06 14:00,2026-02-08 00:00,34,0.8433
2026-02-06,2026-02-06 14:00,2026-02-08 01:00,35,0.8489
2026-02-06,2026-02-06 14:00,2026-02-08 02:00,36,0.9403
2026-02-06,2026-02-06 14:00,2026-02-08 03:00,37,0.8911
2026-02-06,2026-02-06 14:00,2026-02-08 04:00,38,0.8477
2026-02-06,2026-02-06 14:00,2026-02-08 05:00,39,0.7478
2026-02-06,2026-02-06 14:00,2026-02-08 06:00,40,0.6454
2026-02-06,2026-02-06 14:00,2026-02-08 07:00,41,0.5602
2026-02-06,2026-02-06 14:00,2026-02-08 08:00,42,0.4482
2026-02-06,2026-02-06 14:00,2026-02-08 09:00,43,0.2966
2026-02-06,2026-02-06 14:00,2026-02-08 10:00,44,0.17
2026-02-06,2026-02-06 14:00,2026-02-08 11:00,45,0.1248
2026-02-06,2026-02-06 14:00,2026-02-08 12:00,46,0.1016
2026-02-06,2026-02-06 14:00,2026-02-08 13:00,47,0.0595
2026-02-06,2026-02-06 14:00,2026-02-08 14:00,48,0.0395
2026-02-06,2026-02-06 14:00,2026-02-08 15:00,49,0.0953
2026-02-06,2026-02-06 14:00,2026-02-08 16:00,50,0.259
2026-02-06,2026-02-06 14:00,2026-02-08 17:00,51,0.6486
2026-02-06,2026-02-06 14:00,2026-02-08 18:00,52,0.9108
2026-02-06,2026-02-06 14:00,2026-02-08 19:00,53,0.9923
2026-02-06,2026-02-06 14:00,2026-02-08 20:00,54,0.9854
2026-02-06,2026-02-06 14:00,2026-02-08 21:00,55,0.9852
2026-02-06,2026-02-06 14:00,2026-02-08 22:00,56,0.9813
2026-02-06,2026-02-06 14:00,2026-02-08 23:00,57,0.9808
2026-02-07,2026-02-07 14:00,2026-02-08 00:00,10,0.9615
2026-02-07,2026-02-07 14:00,2026-02-08 01:00,11,0.9664
2026-02-07,2026-02-07 14:00,2026-02-08 02:00,12,0.9489
2026-02-07,2026-02-07 14:00,2026-02-08 03:00,13,0.9491
2026-02-07,2026-02-07 14:00,2026-02-08 04:00,14,0.8904
2026-02-07,2026-02-07 14:00,2026-02-08 05:00,15,0.8281
2026-02-07,2026-02-07 14:00,2026-02-08 06:00,16,0.715
2026-02-07,2026-02-07 14:00,2026-02-08 07:00,17,0.5226
2026-02-07,2026-02-07 14:00,2026-02-08 08:00,18,0.3492
2026-02-07,2026-02-07 14:00,2026-02-08 09:00,19,0.1742
2026-02-07,2026-02-07 14:00,2026-02-08 10:00,20,0.0732
2026-02-07,2026-02-07 14:00,2026-02-08 11:00,21,0.0273
2026-02-07,2026-02-07 14:00,2026-02-08 12:00,22,0.0304
2026-02-07,2026-02-07 14:00,2026-02-08 13:00,23,0.0109
2026-02-07,2026-02-07 14:00,2026-02-08 14:00,24,0.0299
2026-02-07,2026-02-07 14:00,2026-02-08 15:00,25,0.2692
2026-02-07,2026-02-07 14:00,2026-02-08 16:00,26,0.7477
2026-02-07,2026-02-07 14:00,2026-02-08 17:00,27,0.9629
2026-02-07,2026-02-07 14:00,2026-02-08 18:00,28,0.9764
2026-02-07,2026-02-07 14:00,2026-02-08 19:00,29,0.9879
2026-02-07,2026-02-07 14:00,2026-02-08 20:00,30,0.9862
2026-02-07,2026-02-07 14:00,2026-02-08 21:00,31,0.9885
2026-02-07,2026-02-07 14:00,2026-02-08 22:00,32,0.9823
2026-02-07,2026-02-07 14:00,2026-02-08 23:00,33,0.9814
2026-02-07,2026-02-07 14:00,2026-02-09 00:00,34,0.9799
2026-02-07,2026-02-07 14:00,2026-02-09 01:00,35,0.9806
2026-02-07,2026-02-07 14:00,2026-02-09 02:00,36,0.9792
2026-02-07,2026-02-07 14:00,2026-02-09 03:00,37,0.9807
2026-02-07,2026-02-07 14:00,2026-02-09 04:00,38,0.9816
2026-02-07,2026-02-07 14:00,2026-02-09 05:00,39,0.9827
2026-02-07,2026-02-07 14:00,2026-02-09 06:00,40,0.9807
2026-02-07,2026-02-07 14:00,2026-02-09 07:00,41,0.9801
2026-02-07,2026-02-07 14:00,2026-02-09 08:00,42,0.98
2026-02-07,2026-02-07 14:00,2026-02-09 09:00,43,0.9776
2026-02-07,2026-02-07 14:00,2026-02-09 10:00,44,0.9812
2026-02-07,2026-02-07 14:00,2026-02-09 11:00,45,0.978
2026-02-07,2026-02-07 14:00,2026-02-09 12:00,46,0.9786
2026-02-07,2026-02-07 14:00,2026-02-09 13:00,47,0.9756
2026-02-07,2026-02-07 14:00,2026-02-09 14:00,48,0.978
2026-02-07,2026-02-07 14:00,2026-02-09 15:00,49,0.9775
2026-02-07,2026-02-07 14:00,2026-02-09 16:00,50,0.9786
2026-02-07,2026-02-07 14:00,2026-02-09 17:00,51,0.981
2026-02-07,2026-02-07 14:00,2026-02-09 18:00,52,0.9713
2026-02-07,2026-02-07 14:00,2026-02-09 19:00,53,0.6681
2026-02-07,2026-02-07 14:00,2026-02-09 20:00,54,0.58
2026-02-07,2026-02-07 14:00,2026-02-09 21:00,55,0.7904
2026-02-07,2026-02-07 14:00,2026-02-09 22:00,56,0.6451
2026-02-07,2026-02-07 14:00,2026-02-09 23:00,57,0.421
2026-02-08,2026-02-08 14:00,2026-02-09 00:00,10,0.981
2026-02-08,2026-02-08 14:00,2026-02-09 01:00,11,0.9807
2026-02-08,2026-02-08 14:00,2026-02-09 02:00,12,0.9805
2026-02-08,2026-02-08 14:00,2026-02-09 03:00,13,0.9808
2026-02-08,2026-02-08 14:00,2026-02-09 04:00,14,0.9831
2026-02-08,2026-02-08 14:00,2026-02-09 05:00,15,0.984
2026-02-08,2026-02-08 14:00,2026-02-09 06:00,16,0.9802
2026-02-08,2026-02-08 14:00,2026-02-09 07:00,17,0.98
2026-02-08,2026-02-08 14:00,2026-02-09 08:00,18,0.9815
2026-02-08,2026-02-08 14:00,2026-02-09 09:00,19,0.9794
2026-02-08,2026-02-08 14:00,2026-02-09 10:00,20,0.9824
2026-02-08,2026-02-08 14:00,2026-02-09 11:00,21,0.9782
2026-02-08,2026-02-08 14:00,2026-02-09 12:00,22,0.9795
2026-02-08,2026-02-08 14:00,2026-02-09 13:00,23,0.98
2026-02-08,2026-02-08 14:00,2026-02-09 14:00,24,0.9765
2026-02-08,2026-02-08 14:00,2026-02-09 15:00,25,0.9789
2026-02-08,2026-02-08 14:00,2026-02-09 16:00,26,0.9803
2026-02-08,2026-02-08 14:00,2026-02-09 17:00,27,0.9755
2026-02-08,2026-02-08 14:00,2026-02-09 18:00,28,0.7444
2026-02-08,2026-02-08 14:00,2026-02-09 19:00,29,0.5776
2026-02-08,2026-02-08 14:00,2026-02-09 20:00,30,0.4441
2026-02-08,2026-02-08 14:00,2026-02-09 21:00,31,0.2838
2026-02-08,2026-02-08 14:00,2026-02-09 22:00,32,0.1876
2026-02-08,2026-02-08 14:00,2026-02-09 23:00,33,0.17
2026-02-08,2026-02-08 14:00,2026-02-10 00:00,34,0.1569
2026-02-08,2026-02-08 14:00,2026-02-10 01:00,35,0.1832
2026-02-08,2026-02-08 14:00,2026-02-10 02:00,36,0.1823
2026-02-08,2026-02-08 14:00,2026-02-10 03:00,37,0.1888
2026-02-08,2026-02-08 14:00,2026-02-10 04:00,38,0.2191
2026-02-08,2026-02-08 14:00,2026-02-10 05:00,39,0.2002
2026-02-08,2026-02-08 14:00,2026-02-10 06:00,40,0.1909
2026-02-08,2026-02-08 14:00,2026-02-10 07:00,41,0.2269
2026-02-08,2026-02-08 14:00,2026-02-10 08:00,42,0.2217
2026-02-08,2026-02-08 14:00,2026-02-10 09:00,43,0.2402
2026-02-08,2026-02-08 14:00,2026-02-10 10:00,44,0.1907
2026-02-08,2026-02-08 14:00,2026-02-10 11:00,45,0.2715
2026-02-08,2026-02-08 14:00,2026-02-10 12:00,46,0.3232
2026-02-08,2026-02-08 14:00,2026-02-10 13:00,47,0.468
2026-02-08,2026-02-08 14:00,2026-02-10 14:00,48,0.4752
2026-02-08,2026-02-08 14:00,2026-02-10 15:00,49,0.333
2026-02-08,2026-02-08 14:00,2026-02-10 16:00,50,0.2738
2026-02-08,2026-02-08 14:00,2026-02-10 17:00,51,0.2093
2026-02-08,2026-02-08 14:00,2026-02-10 18:00,52,0.1242
2026-02-08,2026-02-08 14:00,2026-02-10 19:00,53,0.1566
2026-02-08,2026-02-08 14:00,2026-02-10 20:00,54,0.3914
2026-02-08,2026-02-08 14:00,2026-02-10 21:00,55,0.463
2026-02-08,2026-02-08 14:00,2026-02-10 22:00,56,0.5753
2026-02-08,2026-02-08 14:00,2026-02-10 23:00,57,0.7994
2026-02-09,2026-02-09 14:00,2026-02-10 00:00,10,0.0751
2026-02-09,2026-02-09 14:00,2026-02-10 01:00,11,0.0638
2026-02-09,2026-02-09 14:00,2026-02-10 02:00,12,0.0695
2026-02-09,2026-02-09 14:00,2026-02-10 03:00,13,0.0858
2026-02-09,2026-02-09 14:00,2026-02-10 04:00,14,0.1095
2026-02-09,2026-02-09 14:00,2026-02-10 05:00,15,0.142
2026-02-09,2026-02-09 14:00,2026-02-10 06:00,16,0.1148
2026-02-09,2026-02-09 14:00,2026-02-10 07:00,17,0.1785
2026-02-09,2026-02-09 14:00,2026-02-10 08:00,18,0.3406
2026-02-09,2026-02-09 14:00,2026-02-10 09:00,19,0.2939
2026-02-09,2026-02-09 14:00,2026-02-10 10:00,20,0.3202
2026-02-09,2026-02-09 14:00,2026-02-10 11:00,21,0.393
2026-02-09,2026-02-09 14:00,2026-02-10 12:00,22,0.444
2026-02-09,2026-02-09 14:00,2026-02-10 13:00,23,0.5691
2026-02-09,2026-02-09 14:00,2026-02-10 14:00,24,0.5595
2026-02-09,2026-02-09 14:00,2026-02-10 15:00,25,0.4657
2026-02-09,2026-02-09 14:00,2026-02-10 16:00,26,0.4107
2026-02-09,2026-02-09 14:00,2026-02-10 17:00,27,0.3112
2026-02-09,2026-02-09 14:00,2026-02-10 18:00,28,0.2533
2026-02-09,2026-02-09 14:00,2026-02-10 19:00,29,0.2343
2026-02-09,2026-02-09 14:00,2026-02-10 20:00,30,0.3266
2026-02-09,2026-02-09 14:00,2026-02-10 21:00,31,0.4898
2026-02-09,2026-02-09 14:00,2026-02-10 22:00,32,0.7461
2026-02-09,2026-02-09 14:00,2026-02-10 23:00,33,0.9108
2026-02-09,2026-02-09 14:00,2026-02-11 00:00,34,0.9837
2026-02-09,2026-02-09 14:00,2026-02-11 01:00,35,0.9761
2026-02-09,2026-02-09 14:00,2026-02-11 02:00,36,0.9597
2026-02-09,2026-02-09 14:00,2026-02-11 03:00,37,0.9288
2026-02-09,2026-02-09 14:00,2026-02-11 04:00,38,0.7952
2026-02-09,2026-02-09 14:00,2026-02-11 05:00,39,0.6265
2026-02-09,2026-02-09 14:00,2026-02-11 06:00,40,0.2775
2026-02-09,2026-02-09 14:00,2026-02-11 07:00,41,0.1677
2026-02-09,2026-02-09 14:00,2026-02-11 08:00,42,0.0747
2026-02-09,2026-02-09 14:00,2026-02-11 09:00,43,0.0576
2026-02-09,2026-02-09 14:00,2026-02-11 10:00,44,0.035
2026-02-09,2026-02-09 14:00,2026-02-11 11:00,45,0.0937
2026-02-09,2026-02-09 14:00,2026-02-11 12:00,46,0.12
2026-02-09,2026-02-09 14:00,2026-02-11 13:00,47,0.2394
2026-02-09,2026-02-09 14:00,2026-02-11 14:00,48,0.4743
2026-02-09,2026-02-09 14:00,2026-02-11 15:00,49,0.5921
2026-02-09,2026-02-09 14:00,2026-02-11 16:00,50,0.8958
2026-02-09,2026-02-09 14:00,2026-02-11 17:00,51,0.9798
2026-02-09,2026-02-09 14:00,2026-02-11 18:00,52,0.9779
2026-02-09,2026-02-09 14:00,2026-02-11 19:00,53,0.9829
2026-02-09,2026-02-09 14:00,2026-02-11 20:00,54,0.962
2026-02-09,2026-02-09 14:00,2026-02-11 21:00,55,0.9121
2026-02-09,2026-02-09 14:00,2026-02-11 22:00,56,0.8915
2026-02-09,2026-02-09 14:00,2026-02-11 23:00,57,0.8625
2026-02-10,2026-02-10 14:00,2026-02-11 00:00,10,0.9783
2026-02-10,2026-02-10 14:00,2026-02-11 01:00,11,0.9794
2026-02-10,2026-02-10 14:00,2026-02-11 02:00,12,0.9613
2026-02-10,2026-02-10 14:00,2026-02-11 03:00,13,0.9495
2026-02-10,2026-02-10 14:00,2026-02-11 04:00,14,0.9407
2026-02-10,2026-02-10 14:00,2026-02-11 05:00,15,0.7456
2026-02-10,2026-02-10 14:00,2026-02-11 06:00,16,0.272
2026-02-10,2026-02-10 14:00,2026-02-11 07:00,17,0.1674
2026-02-10,2026-02-10 14:00,2026-02-11 08:00,18,0.0979
2026-02-10,2026-02-10 14:00,2026-02-11 09:00,19,0.0932
2026-02-10,2026-02-10 14:00,2026-02-11 10:00,20,0.1056
2026-02-10,2026-02-10 14:00,2026-02-11 11:00,21,0.1414
2026-02-10,2026-02-10 14:00,2026-02-11 12:00,22,0.2301
2026-02-10,2026-02-10 14:00,2026-02-11 13:00,23,0.16
2026-02-10,2026-02-10 14:00,2026-02-11 14:00,24,0.3379
2026-02-10,2026-02-10 14:00,2026-02-11 15:00,25,0.6549
2026-02-10,2026-02-10 14:00,2026-02-11 16:00,26,0.8888
2026-02-10,2026-02-10 14:00,2026-02-11 17:00,27,0.9828
2026-02-10,2026-02-10 14:00,2026-02-11 18:00,28,0.9821
2026-02-10,2026-02-10 14:00,2026-02-11 19:00,29,0.9483
2026-02-10,2026-02-10 14:00,2026-02-11 20:00,30,0.9734
2026-02-10,2026-02-10 14:00,2026-02-11 21:00,31,0.973
2026-02-10,2026-02-10 14:00,2026-02-11 22:00,32,0.9748
2026-02-10,2026-02-10 14:00,2026-02-11 23:00,33,0.9541
2026-02-10,2026-02-10 14:00,2026-02-12 00:00,34,0.9538
2026-02-10,2026-02-10 14:00,2026-02-12 01:00,35,0.8148
2026-02-10,2026-02-10 14:00,2026-02-12 02:00,36,0.7308
2026-02-10,2026-02-10 14:00,2026-02-12 03:00,37,0.707
2026-02-10,2026-02-10 14:00,2026-02-12 04:00,38,0.6448
2026-02-10,2026-02-10 14:00,2026-02-12 05:00,39,0.5602
2026-02-10,2026-02-10 14:00,2026-02-12 06:00,40,0.4801
2026-02-10,2026-02-10 14:00,2026-02-12 07:00,41,0.2583
2026-02-10,2026-02-10 14:00,2026-02-12 08:00,42,0.1306
2026-02-10,2026-02-10 14:00,2026-02-12 09:00,43,0.0648
2026-02-10,2026-02-10 14:00,2026-02-12 10:00,44,0.031
2026-02-10,2026-02-10 14:00,2026-02-12 11:00,45,0.0121
2026-02-10,2026-02-10 14:00,2026-02-12 12:00,46,0.0188
2026-02-10,2026-02-10 14:00,2026-02-12 13:00,47,0.0329
2026-02-10,2026-02-10 14:00,2026-02-12 14:00,48,0.0377
2026-02-10,2026-02-10 14:00,2026-02-12 15:00,49,0.0703
2026-02-10,2026-02-10 14:00,2026-02-12 16:00,50,0.1014
2026-02-10,2026-02-10 14:00,2026-02-12 17:00,51,0.1646
2026-02-10,2026-02-10 14:00,2026-02-12 18:00,52,0.2317
2026-02-10,2026-02-10 14:00,2026-02-12 19:00,53,0.2103
2026-02-10,2026-02-10 14:00,2026-02-12 20:00,54,0.1517
2026-02-10,2026-02-10 14:00,2026-02-12 21:00,55,0.1138
2026-02-10,2026-02-10 14:00,2026-02-12 22:00,56,0.0985
2026-02-10,2026-02-10 14:00,2026-02-12 23:00,57,0.0605
2026-02-11,2026-02-11 14:00,2026-02-12 00:00,10,0.7244
2026-02-11,2026-02-11 14:00,2026-02-12 01:00,11,0.6273
2026-02-11,2026-02-11 14:00,2026-02-12 02:00,12,0.5577
2026-02-11,2026-02-11 14:00,2026-02-12 03:00,13,0.4772
2026-02-11,2026-02-11 14:00,2026-02-12 04:00,14,0.4185
2026-02-11,2026-02-11 14:00,2026-02-12 05:00,15,0.3001
2026-02-11,2026-02-11 14:00,2026-02-12 06:00,16,0.1498
2026-02-11,2026-02-11 14:00,2026-02-12 07:00,17,0.0659
2026-02-11,2026-02-11 14:00,2026-02-12 08:00,18,0.0411
2026-02-11,2026-02-11 14:00,2026-02-12 09:00,19,0.0347
2026-02-11,2026-02-11 14:00,2026-02-12 10:00,20,0.0295
2026-02-11,2026-02-11 14:00,2026-02-12 11:00,21,0.0371
2026-02-11,2026-02-11 14:00,2026-02-12 12:00,22,0.03
2026-02-11,2026-02-11 14:00,2026-02-12 13:00,23,0.0152
2026-02-11,2026-02-11 14:00,2026-02-12 14:00,24,0.0167
2026-02-11,2026-02-11 14:00,2026-02-12 15:00,25,0.0148
2026-02-11,2026-02-11 14:00,2026-02-12 16:00,26,0.0505
2026-02-11,2026-02-11 14:00,2026-02-12 17:00,27,0.1309
2026-02-11,2026-02-11 14:00,2026-02-12 18:00,28,0.0968
2026-02-11,2026-02-11 14:00,2026-02-12 19:00,29,0.1057
2026-02-11,2026-02-11 14:00,2026-02-12 20:00,30,0.1523
2026-02-11,2026-02-11 14:00,2026-02-12 21:00,31,0.186
2026-02-11,2026-02-11 14:00,2026-02-12 22:00,32,0.1759
2026-02-11,2026-02-11 14:00,2026-02-12 23:00,33,0.1274
2026-02-11,2026-02-11 14:00,2026-02-13 00:00,34,0.114
2026-02-11,2026-02-11 14:00,2026-02-13 01:00,35,0.0957
2026-02-11,2026-02-11 14:00,2026-02-13 02:00,36,0.0507
2026-02-11,2026-02-11 14:00,2026-02-13 03:00,37,0.028
2026-02-11,2026-02-11 14:00,2026-02-13 04:00,38,0.0318
2026-02-11,2026-02-11 14:00,2026-02-13 05:00,39,0.0379
2026-02-11,2026-02-11 14:00,2026-02-13 06:00,40,0.0387
2026-02-11,2026-02-11 14:00,2026-02-13 07:00,41,0.0328
2026-02-11,2026-02-11 14:00,2026-02-13 08:00,42,0.0268
2026-02-11,2026-02-11 14:00,2026-02-13 09:00,43,0.0378
2026-02-11,2026-02-11 14:00,2026-02-13 10:00,44,0.034
2026-02-11,2026-02-11 14:00,2026-02-13 11:00,45,0.0123
2026-02-11,2026-02-11 14:00,2026-02-13 12:00,46,0.0091
2026-02-11,2026-02-11 14:00,2026-02-13 13:00,47,0.0187
2026-02-11,2026-02-11 14:00,2026-02-13 14:00,48,0.032
2026-02-11,2026-02-11 14:00,2026-02-13 15:00,49,0.0335
2026-02-11,2026-02-11 14:00,2026-02-13 16:00,50,0.0201
2026-02-11,2026-02-11 14:00,2026-02-13 17:00,51,0.0307
2026-02-11,2026-02-11 14:00,2026-02-13 18:00,52,0.047
2026-02-11,2026-02-11 14:00,2026-02-13 19:00,53,0.0327
2026-02-11,2026-02-11 14:00,2026-02-13 20:00,54,0.0274
2026-02-11,2026-02-11 14:00,2026-02-13 21:00,55,0.0606
2026-02-11,2026-02-11 14:00,2026-02-13 22:00,56,0.1757
2026-02-11,2026-02-11 14:00,2026-02-13 23:00,57,0.2854
2026-02-12,2026-02-12 14:00,2026-02-13 00:00,10,0.0132
2026-02-12,2026-02-12 14:00,2026-02-13 01:00,11,0.0169
2026-02-12,2026-02-12 14:00,2026-02-13 02:00,12,0.0239
2026-02-12,2026-02-12 14:00,2026-02-13 03:00,13,0.02
2026-02-12,2026-02-12 14:00,2026-02-13 04:00,14,0.0167
2026-02-12,2026-02-12 14:00,2026-02-13 05:00,15,0.0193
2026-02-12,2026-02-12 14:00,2026-02-13 06:00,16,0.0219
2026-02-12,2026-02-12 14:00,2026-02-13 07:00,17,0.0262
2026-02-12,2026-02-12 14:00,2026-02-13 08:00,18,0.0174
2026-02-12,2026-02-12 14:00,2026-02-13 09:00,19,0.0096
2026-02-12,2026-02-12 14:00,2026-02-13 10:00,20,0.0199
2026-02-12,2026-02-12 14:00,2026-02-13 11:00,21,0.0311
2026-02-12,2026-02-12 14:00,2026-02-13 12:00,22,0.0093
2026-02-12,2026-02-12 14:00,2026-02-13 13:00,23,0.0115
2026-02-12,2026-02-12 14:00,2026-02-13 14:00,24,0.0149
2026-02-12,2026-02-12 14:00,2026-02-13 15:00,25,0.0393
2026-02-12,2026-02-12 14:00,2026-02-13 16:00,26,0.0426
2026-02-12,2026-02-12 14:00,2026-02-13 17:00,27,0.066
2026-02-12,2026-02-12 14:00,2026-02-13 18:00,28,0.0782
2026-02-12,2026-02-12 14:00,2026-02-13 19:00,29,0.0777
2026-02-12,2026-02-12 14:00,2026-02-13 20:00,30,0.1286
2026-02-12,2026-02-12 14:00,2026-02-13 21:00,31,0.2165
2026-02-12,2026-02-12 14:00,2026-02-13 22:00,32,0.2615
2026-02-12,2026-02-12 14:00,2026-02-13 23:00,33,0.4439
2026-02-12,2026-02-12 14:00,2026-02-14 00:00,34,0.726
2026-02-12,2026-02-12 14:00,2026-02-14 01:00,35,0.7183
2026-02-12,2026-02-12 14:00,2026-02-14 02:00,36,0.7764
2026-02-12,2026-02-12 14:00,2026-02-14 03:00,37,0.9062
2026-02-12,2026-02-12 14:00,2026-02-14 04:00,38,0.8314
2026-02-12,2026-02-12 14:00,2026-02-14 05:00,39,0.6365
2026-02-12,2026-02-12 14:00,2026-02-14 06:00,40,0.4957
2026-02-12,2026-02-12 14:00,2026-02-14 07:00,41,0.2465
2026-02-12,2026-02-12 14:00,2026-02-14 08:00,42,0.1683
2026-02-12,2026-02-12 14:00,2026-02-14 09:00,43,0.1236
2026-02-12,2026-02-12 14:00,2026-02-14 10:00,44,0.1304
2026-02-12,2026-02-12 14:00,2026-02-14 11:00,45,0.088
2026-02-12,2026-02-12 14:00,2026-02-14 12:00,46,0.1158
2026-02-12,2026-02-12 14:00,2026-02-14 13:00,47,0.1253
2026-02-12,2026-02-12 14:00,2026-02-14 14:00,48,0.1538
2026-02-12,2026-02-12 14:00,2026-02-14 15:00,49,0.1461
2026-02-12,2026-02-12 14:00,2026-02-14 16:00,50,0.1384
2026-02-12,2026-02-12 14:00,2026-02-14 17:00,51,0.1568
2026-02-12,2026-02-12 14:00,2026-02-14 18:00,52,0.2021
2026-02-12,2026-02-12 14:00,2026-02-14 19:00,53,0.1337
2026-02-12,2026-02-12 14:00,2026-02-14 20:00,54,0.2421
2026-02-12,2026-02-12 14:00,2026-02-14 21:00,55,0.2236
2026-02-12,2026-02-12 14:00,2026-02-14 22:00,56,0.1874
2026-02-12,2026-02-12 14:00,2026-02-14 23:00,57,0.1344
2026-02-13,2026-02-13 14:00,2026-02-14 00:00,10,0.7196
2026-02-13,2026-02-13 14:00,2026-02-14 01:00,11,0.844
2026-02-13,2026-02-13 14:00,2026-02-14 02:00,12,0.8704
2026-02-13,2026-02-13 14:00,2026-02-14 03:00,13,0.9405
2026-02-13,2026-02-13 14:00,2026-02-14 04:00,14,0.892
2026-02-13,2026-02-13 14:00,2026-02-14 05:00,15,0.7426
2026-02-13,2026-02-13 14:00,2026-02-14 06:00,16,0.4132
2026-02-13,2026-02-13 14:00,2026-02-14 07:00,17,0.2491
2026-02-13,2026-02-13 14:00,2026-02-14 08:00,18,0.1934
2026-02-13,2026-02-13 14:00,2026-02-14 09:00,19,0.1772
2026-02-13,2026-02-13 14:00,2026-02-14 10:00,20,0.0956
2026-02-13,2026-02-13 14:00,2026-02-14 11:00,21,0.1258
2026-02-13,2026-02-13 14:00,2026-02-14 12:00,22,0.177
2026-02-13,2026-02-13 14:00,2026-02-14 13:00,23,0.1999
2026-02-13,2026-02-13 14:00,2026-02-14 14:00,24,0.2128
2026-02-13,2026-02-13 14:00,2026-02-14 15:00,25,0.1539
2026-02-13,2026-02-13 14:00,2026-02-14 16:00,26,0.1971
2026-02-13,2026-02-13 14:00,2026-02-14 17:00,27,0.256
2026-02-13,2026-02-13 14:00,2026-02-14 18:00,28,0.2236
2026-02-13,2026-02-13 14:00,2026-02-14 19:00,29,0.1853
2026-02-13,2026-02-13 14:00,2026-02-14 20:00,30,0.1098
2026-02-13,2026-02-13 14:00,2026-02-14 21:00,31,0.1293
2026-02-13,2026-02-13 14:00,2026-02-14 22:00,32,0.0723
2026-02-13,2026-02-13 14:00,2026-02-14 23:00,33,0.0495
2026-02-13,2026-02-13 14:00,2026-02-15 00:00,34,0.0305
2026-02-13,2026-02-13 14:00,2026-02-15 01:00,35,0.0282
2026-02-13,2026-02-13 14:00,2026-02-15 02:00,36,0.0187
2026-02-13,2026-02-13 14:00,2026-02-15 03:00,37,0.0151
2026-02-13,2026-02-13 14:00,2026-02-15 04:00,38,0.0204
2026-02-13,2026-02-13 14:00,2026-02-15 05:00,39,0.0389
2026-02-13,2026-02-13 14:00,2026-02-15 06:00,40,0.0614
2026-02-13,2026-02-13 14:00,2026-02-15 07:00,41,0.1236
2026-02-13,2026-02-13 14:00,2026-02-15 08:00,42,0.2118
2026-02-13,2026-02-13 14:00,2026-02-15 09:00,43,0.4244
2026-02-13,2026-02-13 14:00,2026-02-15 10:00,44,0.6579
2026-02-13,2026-02-13 14:00,2026-02-15 11:00,45,0.8717
2026-02-13,2026-02-13 14:00,2026-02-15 12:00,46,0.9766
2026-02-13,2026-02-13 14:00,2026-02-15 13:00,47,0.9884
2026-02-13,2026-02-13 14:00,2026-02-15 14:00,48,0.988
2026-02-13,2026-02-13 14:00,2026-02-15 15:00,49,0.9814
2026-02-13,2026-02-13 14:00,2026-02-15 16:00,50,0.9803
2026-02-13,2026-02-13 14:00,2026-02-15 17:00,51,0.9846
2026-02-13,2026-02-13 14:00,2026-02-15 18:00,52,0.9803
2026-02-13,2026-02-13 14:00,2026-02-15 19:00,53,0.9732
2026-02-13,2026-02-13 14:00,2026-02-15 20:00,54,0.9794
2026-02-13,2026-02-13 14:00,2026-02-15 21:00,55,0.9862
2026-02-13,2026-02-13 14:00,2026-02-15 22:00,56,0.957
2026-02-13,2026-02-13 14:00,2026-02-15 23:00,57,0.8694
2026-02-14,2026-02-14 14:00,2026-02-15 00:00,10,0.0337
2026-02-14,2026-02-14 14:00,2026-02-15 01:00,11,0.0136
2026-02-14,2026-02-14 14:00,2026-02-15 02:00,12,0.0124
2026-02-14,2026-02-14 14:00,2026-02-15 03:00,13,0.0153
2026-02-14,2026-02-14 14:00,2026-02-15 04:00,14,0.0228
2026-02-14,2026-02-14 14:00,2026-02-15 05:00,15,0.0291
2026-02-14,2026-02-14 14:00,2026-02-15 06:00,16,0.0855
2026-02-14,2026-02-14 14:00,2026-02-15 07:00,17,0.1531
2026-02-14,2026-02-14 14:00,2026-02-15 08:00,18,0.2646
2026-02-14,2026-02-14 14:00,2026-02-15 09:00,19,0.4998
2026-02-14,2026-02-14 14:00,2026-02-15 10:00,20,0.8394
2026-02-14,2026-02-14 14:00,2026-02-15 11:00,21,0.9651
2026-02-14,2026-02-14 14:00,2026-02-15 12:00,22,0.9283
2026-02-14,2026-02-14 14:00,2026-02-15 13:00,23,0.975
2026-02-14,2026-02-14 14:00,2026-02-15 14:00,24,0.9771
2026-02-14,2026-02-14 14:00,2026-02-15 15:00,25,0.9819
2026-02-14,2026-02-14 14:00,2026-02-15 16:00,26,0.9814
2026-02-14,2026-02-14 14:00,2026-02-15 17:00,27,0.9828
2026-02-14,2026-02-14 14:00,2026-02-15 18:00,28,0.9804
2026-02-14,2026-02-14 14:00,2026-02-15 19:00,29,0.9758
2026-02-14,2026-02-14 14:00,2026-02-15 20:00,30,0.9635
2026-02-14,2026-02-14 14:00,2026-02-15 21:00,31,0.9758
2026-02-14,2026-02-14 14:00,2026-02-15 22:00,32,0.8941
2026-02-14,2026-02-14 14:00,2026-02-15 23:00,33,0.8062
2026-02-14,2026-02-14 14:00,2026-02-16 00:00,34,0.6058
2026-02-14,2026-02-14 14:00,2026-02-16 01:00,35,0.598
2026-02-14,2026-02-14 14:00,2026-02-16 02:00,36,0.5687
2026-02-14,2026-02-14 14:00,2026-02-16 03:00,37,0.5644
2026-02-14,2026-02-14 14:00,2026-02-16 04:00,38,0.53
2026-02-14,2026-02-14 14:00,2026-02-16 05:00,39,0.5652
2026-02-14,2026-02-14 14:00,2026-02-16 06:00,40,0.5481
2026-02-14,2026-02-14 14:00,2026-02-16 07:00,41,0.5093
2026-02-14,2026-02-14 14:00,2026-02-16 08:00,42,0.4957
2026-02-14,2026-02-14 14:00,2026-02-16 09:00,43,0.5025
2026-02-14,2026-02-14 14:00,2026-02-16 10:00,44,0.5762
2026-02-14,2026-02-14 14:00,2026-02-16 11:00,45,0.5313
2026-02-14,2026-02-14 14:00,2026-02-16 12:00,46,0.7922
2026-02-14,2026-02-14 14:00,2026-02-16 13:00,47,0.8349
2026-02-14,2026-02-14 14:00,2026-02-16 14:00,48,0.8218
2026-02-14,2026-02-14 14:00,2026-02-16 15:00,49,0.8149
2026-02-14,2026-02-14 14:00,2026-02-16 16:00,50,0.8322
2026-02-14,2026-02-14 14:00,2026-02-16 17:00,51,0.8297
2026-02-14,2026-02-14 14:00,2026-02-16 18:00,52,0.7979
2026-02-14,2026-02-14 14:00,2026-02-16 19:00,53,0.8114
2026-02-14,2026-02-14 14:00,2026-02-16 20:00,54,0.7093
2026-02-14,2026-02-14 14:00,2026-02-16 21:00,55,0.6883
2026-02-14,2026-02-14 14:00,2026-02-16 22:00,56,0.6106
2026-02-14,2026-02-14 14:00,2026-02-16 23:00,57,0.6011
2026-02-15,2026-02-15 14:00,2026-02-16 00:00,10,0.5282
2026-02-15,2026-02-15 14:00,2026-02-16 01:00,11,0.5687
2026-02-15,2026-02-15 14:00,2026-02-16 02:00,12,0.5435
2026-02-15,2026-02-15 14:00,2026-02-16 03:00,13,0.6346
2026-02-15,2026-02-15 14:00,2026-02-16 04:00,14,0.6524
2026-02-15,2026-02-15 14:00,2026-02-16 05:00,15,0.6721
2026-02-15,2026-02-15 14:00,2026-02-16 06:00,16,0.8207
2026-02-15,2026-02-15 14:00,2026-02-16 07:00,17,0.7343
2026-02-15,2026-02-15 14:00,2026-02-16 08:00,18,0.6259
2026-02-15,2026-02-15 14:00,2026-02-16 09:00,19,0.6305
2026-02-15,2026-02-15 14:00,2026-02-16 10:00,20,0.59
2026-02-15,2026-02-15 14:00,2026-02-16 11:00,21,0.6542
2026-02-15,2026-02-15 14:00,2026-02-16 12:00,22,0.7468
2026-02-15,2026-02-15 14:00,2026-02-16 13:00,23,0.7971
2026-02-15,2026-02-15 14:00,2026-02-16 14:00,24,0.7681
2026-02-15,2026-02-15 14:00,2026-02-16 15:00,25,0.8443
2026-02-15,2026-02-15 14:00,2026-02-16 16:00,26,0.7755
2026-02-15,2026-02-15 14:00,2026-02-16 17:00,27,0.7404
2026-02-15,2026-02-15 14:00,2026-02-16 18:00,28,0.8041
2026-02-15,2026-02-15 14:00,2026-02-16 19:00,29,0.7975
2026-02-15,2026-02-15 14:00,2026-02-16 20:00,30,0.7956
2026-02-15,2026-02-15 14:00,2026-02-16 21:00,31,0.7074
2026-02-15,2026-02-15 14:00,2026-02-16 22:00,32,0.6919
2026-02-15,2026-02-15 14:00,2026-02-16 23:00,33,0.6481
2026-02-15,2026-02-15 14:00,2026-02-17 00:00,34,0.5625
2026-02-15,2026-02-15 14:00,2026-02-17 01:00,35,0.5746
2026-02-15,2026-02-15 14:00,2026-02-17 02:00,36,0.6269
2026-02-15,2026-02-15 14:00,2026-02-17 03:00,37,0.554
2026-02-15,2026-02-15 14:00,2026-02-17 04:00,38,0.487
2026-02-15,2026-02-15 14:00,2026-02-17 05:00,39,0.3434
2026-02-15,2026-02-15 14:00,2026-02-17 06:00,40,0.2042
2026-02-15,2026-02-15 14:00,2026-02-17 07:00,41,0.1557
2026-02-15,2026-02-15 14:00,2026-02-17 08:00,42,0.1486
2026-02-15,2026-02-15 14:00,2026-02-17 09:00,43,0.1446
2026-02-15,2026-02-15 14:00,2026-02-17 10:00,44,0.1435
2026-02-15,2026-02-15 14:00,2026-02-17 11:00,45,0.1902
2026-02-15,2026-02-15 14:00,2026-02-17 12:00,46,0.2301
2026-02-15,2026-02-15 14:00,2026-02-17 13:00,47,0.2044
2026-02-15,2026-02-15 14:00,2026-02-17 14:00,48,0.196
2026-02-15,2026-02-15 14:00,2026-02-17 15:00,49,0.1998
2026-02-15,2026-02-15 14:00,2026-02-17 16:00,50,0.2066
2026-02-15,2026-02-15 14:00,2026-02-17 17:00,51,0.2601
2026-02-15,2026-02-15 14:00,2026-02-17 18:00,52,0.4585
2026-02-15,2026-02-15 14:00,2026-02-17 19:00,53,0.564
2026-02-15,2026-02-15 14:00,2026-02-17 20:00,54,0.6015
2026-02-15,2026-02-15 14:00,2026-02-17 21:00,55,0.6529
2026-02-15,2026-02-15 14:00,2026-02-17 22:00,56,0.6036
2026-02-15,2026-02-15 14:00,2026-02-17 23:00,57,0.5797
2026-02-16,2026-02-16 14:00,2026-02-17 00:00,10,0.5335
2026-02-16,2026-02-16 14:00,2026-02-17 01:00,11,0.5267
2026-02-16,2026-02-16 14:00,2026-02-17 02:00,12,0.5171
2026-02-16,2026-02-16 14:00,2026-02-17 03:00,13,0.4855
2026-02-16,2026-02-16 14:00,2026-02-17 04:00,14,0.3158
2026-02-16,2026-02-16 14:00,2026-02-17 05:00,15,0.2845
2026-02-16,2026-02-16 14:00,2026-02-17 06:00,16,0.1858
2026-02-16,2026-02-16 14:00,2026-02-17 07:00,17,0.152
2026-02-16,2026-02-16 14:00,2026-02-17 08:00,18,0.1674
2026-02-16,2026-02-16 14:00,2026-02-17 09:00,19,0.1527
2026-02-16,2026-02-16 14:00,2026-02-17 10:00,20,0.1724
2026-02-16,2026-02-16 14:00,2026-02-17 11:00,21,0.2099
2026-02-16,2026-02-16 14:00,2026-02-17 12:00,22,0.2935
2026-02-16,2026-02-16 14:00,2026-02-17 13:00,23,0.3041
2026-02-16,2026-02-16 14:00,2026-02-17 14:00,24,0.2962
2026-02-16,2026-02-16 14:00,2026-02-17 15:00,25,0.3297
2026-02-16,2026-02-16 14:00,2026-02-17 16:00,26,0.3759
2026-02-16,2026-02-16 14:00,2026-02-17 17:00,27,0.4513
2026-02-16,2026-02-16 14:00,2026-02-17 18:00,28,0.5928
2026-02-16,2026-02-16 14:00,2026-02-17 19:00,29,0.6312
2026-02-16,2026-02-16 14:00,2026-02-17 20:00,30,0.7072
2026-02-16,2026-02-16 14:00,2026-02-17 21:00,31,0.8368
2026-02-16,2026-02-16 14:00,2026-02-17 22:00,32,0.6981
2026-02-16,2026-02-16 14:00,2026-02-17 23:00,33,0.755
2026-02-16,2026-02-16 14:00,2026-02-18 00:00,34,0.7139
2026-02-16,2026-02-16 14:00,2026-02-18 01:00,35,0.7752
2026-02-16,2026-02-16 14:00,2026-02-18 02:00,36,0.7093
2026-02-16,2026-02-16 14:00,2026-02-18 03:00,37,0.7307
2026-02-16,2026-02-16 14:00,2026-02-18 04:00,38,0.7668
2026-02-16,2026-02-16 14:00,2026-02-18 05:00,39,0.8071
2026-02-16,2026-02-16 14:00,2026-02-18 06:00,40,0.8382
2026-02-16,2026-02-16 14:00,2026-02-18 07:00,41,0.7314
2026-02-16,2026-02-16 14:00,2026-02-18 08:00,42,0.772
2026-02-16,2026-02-16 14:00,2026-02-18 09:00,43,0.7268
2026-02-16,2026-02-16 14:00,2026-02-18 10:00,44,0.7575
2026-02-16,2026-02-16 14:00,2026-02-18 11:00,45,0.9412
2026-02-16,2026-02-16 14:00,2026-02-18 12:00,46,0.9837
2026-02-16,2026-02-16 14:00,2026-02-18 13:00,47,0.9806
2026-02-16,2026-02-16 14:00,2026-02-18 14:00,48,0.977
2026-02-16,2026-02-16 14:00,2026-02-18 15:00,49,0.9762
2026-02-16,2026-02-16 14:00,2026-02-18 16:00,50,0.979
2026-02-16,2026-02-16 14:00,2026-02-18 17:00,51,0.9709
2026-02-16,2026-02-16 14:00,2026-02-18 18:00,52,0.8664
2026-02-16,2026-02-16 14:00,2026-02-18 19:00,53,0.694
2026-02-16,2026-02-16 14:00,2026-02-18 20:00,54,0.6125
2026-02-16,2026-02-16 14:00,2026-02-18 21:00,55,0.5298
2026-02-16,2026-02-16 14:00,2026-02-18 22:00,56,0.4369
2026-02-16,2026-02-16 14:00,2026-02-18 23:00,57,0.4428
2026-02-17,2026-02-17 14:00,2026-02-18 00:00,10,0.8334
2026-02-17,2026-02-17 14:00,2026-02-18 01:00,11,0.8571
2026-02-17,2026-02-17 14:00,2026-02-18 02:00,12,0.79
2026-02-17,2026-02-17 14:00,2026-02-18 03:00,13,0.9183
2026-02-17,2026-02-17 14:00,2026-02-18 04:00,14,0.8159
2026-02-17,2026-02-17 14:00,2026-02-18 05:00,15,0.8967
2026-02-17,2026-02-17 14:00,2026-02-18 06:00,16,0.8735
2026-02-17,2026-02-17 14:00,2026-02-18 07:00,17,0.6797
2026-02-17,2026-02-17 14:00,2026-02-18 08:00,18,0.7289
2026-02-17,2026-02-17 14:00,2026-02-18 09:00,19,0.924
2026-02-17,2026-02-17 14:00,2026-02-18 10:00,20,0.9364
2026-02-17,2026-02-17 14:00,2026-02-18 11:00,21,0.9129
2026-02-17,2026-02-17 14:00,2026-02-18 12:00,22,0.9778
2026-02-17,2026-02-17 14:00,2026-02-18 13:00,23,0.9814
2026-02-17,2026-02-17 14:00,2026-02-18 14:00,24,0.9793
2026-02-17,2026-02-17 14:00,2026-02-18 15:00,25,0.9794
2026-02-17,2026-02-17 14:00,2026-02-18 16:00,26,0.9766
2026-02-17,2026-02-17 14:00,2026-02-18 17:00,27,0.9743
2026-02-17,2026-02-17 14:00,2026-02-18 18:00,28,0.9193
2026-02-17,2026-02-17 14:00,2026-02-18 19:00,29,0.8186
2026-02-17,2026-02-17 14:00,2026-02-18 20:00,30,0.7124
2026-02-17,2026-02-17 14:00,2026-02-18 21:00,31,0.7073
2026-02-17,2026-02-17 14:00,2026-02-18 22:00,32,0.6002
2026-02-17,2026-02-17 14:00,2026-02-18 23:00,33,0.5642
2026-02-17,2026-02-17 14:00,2026-02-19 00:00,34,0.5985
2026-02-17,2026-02-17 14:00,2026-02-19 01:00,35,0.6164
2026-02-17,2026-02-17 14:00,2026-02-19 02:00,36,0.5554
2026-02-17,2026-02-17 14:00,2026-02-19 03:00,37,0.5158
2026-02-17,2026-02-17 14:00,2026-02-19 04:00,38,0.6274
2026-02-17,2026-02-17 14:00,2026-02-19 05:00,39,0.5492
2026-02-17,2026-02-17 14:00,2026-02-19 06:00,40,0.5502
2026-02-17,2026-02-17 14:00,2026-02-19 07:00,41,0.4482
2026-02-17,2026-02-17 14:00,2026-02-19 08:00,42,0.4669
2026-02-17,2026-02-17 14:00,2026-02-19 09:00,43,0.4572
2026-02-17,2026-02-17 14:00,2026-02-19 10:00,44,0.5863
2026-02-17,2026-02-17 14:00,2026-02-19 11:00,45,0.5142
2026-02-17,2026-02-17 14:00,2026-02-19 12:00,46,0.3936
2026-02-17,2026-02-17 14:00,2026-02-19 13:00,47,0.3079
2026-02-17,2026-02-17 14:00,2026-02-19 14:00,48,0.2473
2026-02-17,2026-02-17 14:00,2026-02-19 15:00,49,0.2276
2026-02-17,2026-02-17 14:00,2026-02-19 16:00,50,0.1512
2026-02-17,2026-02-17 14:00,2026-02-19 17:00,51,0.12
2026-02-17,2026-02-17 14:00,2026-02-19 18:00,52,0.1127
2026-02-17,2026-02-17 14:00,2026-02-19 19:00,53,0.0739
2026-02-17,2026-02-17 14:00,2026-02-19 20:00,54,0.0769
2026-02-17,2026-02-17 14:00,2026-02-19 21:00,55,0.0448
2026-02-17,2026-02-17 14:00,2026-02-19 22:00,56,0.102
2026-02-17,2026-02-17 14:00,2026-02-19 23:00,57,0.2944
2026-02-18,2026-02-18 14:00,2026-02-19 00:00,10,0.5474
2026-02-18,2026-02-18 14:00,2026-02-19 01:00,11,0.571
2026-02-18,2026-02-18 14:00,2026-02-19 02:00,12,0.5275
2026-02-18,2026-02-18 14:00,2026-02-19 03:00,13,0.5333
2026-02-18,2026-02-18 14:00,2026-02-19 04:00,14,0.515
2026-02-18,2026-02-18 14:00,2026-02-19 05:00,15,0.4479
2026-02-18,2026-02-18 14:00,2026-02-19 06:00,16,0.3838
2026-02-18,2026-02-18 14:00,2026-02-19 07:00,17,0.356
2026-02-18,2026-02-18 14:00,2026-02-19 08:00,18,0.3124
2026-02-18,2026-02-18 14:00,2026-02-19 09:00,19,0.2102
2026-02-18,2026-02-18 14:00,2026-02-19 10:00,20,0.2079
2026-02-18,2026-02-18 14:00,2026-02-19 11:00,21,0.2251
2026-02-18,2026-02-18 14:00,2026-02-19 12:00,22,0.1916
2026-02-18,2026-02-18 14:00,2026-02-19 13:00,23,0.1965
2026-02-18,2026-02-18 14:00,2026-02-19 14:00,24,0.1719
2026-02-18,2026-02-18 14:00,2026-02-19 15:00,25,0.1215
2026-02-18,2026-02-18 14:00,2026-02-19 16:00,26,0.0972
2026-02-18,2026-02-18 14:00,2026-02-19 17:00,27,0.1062
2026-02-18,2026-02-18 14:00,2026-02-19 18:00,28,0.0754
2026-02-18,2026-02-18 14:00,2026-02-19 19:00,29,0.0431
2026-02-18,2026-02-18 14:00,2026-02-19 20:00,30,0.0389
2026-02-18,2026-02-18 14:00,2026-02-19 21:00,31,0.0313
2026-02-18,2026-02-18 14:00,2026-02-19 22:00,32,0.043
2026-02-18,2026-02-18 14:00,2026-02-19 23:00,33,0.0919
2026-02-18,2026-02-18 14:00,2026-02-20 00:00,34,0.2155
2026-02-18,2026-02-18 14:00,2026-02-20 01:00,35,0.3715
2026-02-18,2026-02-18 14:00,2026-02-20 02:00,36,0.5207
2026-02-18,2026-02-18 14:00,2026-02-20 03:00,37,0.6443
2026-02-18,2026-02-18 14:00,2026-02-20 04:00,38,0.7751
2026-02-18,2026-02-18 14:00,2026-02-20 05:00,39,0.7957
2026-02-18,2026-02-18 14:00,2026-02-20 06:00,40,0.8064
2026-02-18,2026-02-18 14:00,2026-02-20 07:00,41,0.7527
2026-02-18,2026-02-18 14:00,2026-02-20 08:00,42,0.7091
2026-02-18,2026-02-18 14:00,2026-02-20 09:00,43,0.5345
2026-02-18,2026-02-18 14:00,2026-02-20 10:00,44,0.3173
2026-02-18,2026-02-18 14:00,2026-02-20 11:00,45,0.1706
2026-02-18,2026-02-18 14:00,2026-02-20 12:00,46,0.0978
2026-02-18,2026-02-18 14:00,2026-02-20 13:00,47,0.0559
2026-02-18,2026-02-18 14:00,2026-02-20 14:00,48,0.0542
2026-02-18,2026-02-18 14:00,2026-02-20 15:00,49,0.0237
2026-02-18,2026-02-18 14:00,2026-02-20 16:00,50,0.0381
2026-02-18,2026-02-18 14:00,2026-02-20 17:00,51,0.0527
2026-02-18,2026-02-18 14:00,2026-02-20 18:00,52,0.1489
2026-02-18,2026-02-18 14:00,2026-02-20 19:00,53,0.3077
2026-02-18,2026-02-18 14:00,2026-02-20 20:00,54,0.5343
2026-02-18,2026-02-18 14:00,2026-02-20 21:00,55,0.6964
2026-02-18,2026-02-18 14:00,2026-02-20 22:00,56,0.766
2026-02-18,2026-02-18 14:00,2026-02-20 23:00,57,0.7829
2026-02-19,2026-02-19 14:00,2026-02-20 00:00,10,0.2713
2026-02-19,2026-02-19 14:00,2026-02-20 01:00,11,0.301
2026-02-19,2026-02-19 14:00,2026-02-20 02:00,12,0.3708
2026-02-19,2026-02-19 14:00,2026-02-20 03:00,13,0.391
2026-02-19,2026-02-19 14:00,2026-02-20 04:00,14,0.4576
2026-02-19,2026-02-19 14:00,2026-02-20 05:00,15,0.4888
2026-02-19,2026-02-19 14:00,2026-02-20 06:00,16,0.6784
2026-02-19,2026-02-19 14:00,2026-02-20 07:00,17,0.7311
2026-02-19,2026-02-19 14:00,2026-02-20 08:00,18,0.7178
2026-02-19,2026-02-19 14:00,2026-02-20 09:00,19,0.5781
2026-02-19,2026-02-19 14:00,2026-02-20 10:00,20,0.3961
2026-02-19,2026-02-19 14:00,2026-02-20 11:00,21,0.2291
2026-02-19,2026-02-19 14:00,2026-02-20 12:00,22,0.1841
2026-02-19,2026-02-19 14:00,2026-02-20 13:00,23,0.1104
2026-02-19,2026-02-19 14:00,2026-02-20 14:00,24,0.0545
2026-02-19,2026-02-19 14:00,2026-02-20 15:00,25,0.0445
2026-02-19,2026-02-19 14:00,2026-02-20 16:00,26,0.0538
2026-02-19,2026-02-19 14:00,2026-02-20 17:00,27,0.0515
2026-02-19,2026-02-19 14:00,2026-02-20 18:00,28,0.0679
2026-02-19,2026-02-19 14:00,2026-02-20 19:00,29,0.2802
2026-02-19,2026-02-19 14:00,2026-02-20 20:00,30,0.4094
2026-02-19,2026-02-19 14:00,2026-02-20 21:00,31,0.6165
2026-02-19,2026-02-19 14:00,2026-02-20 22:00,32,0.7417
2026-02-19,2026-02-19 14:00,2026-02-20 23:00,33,0.8156
2026-02-19,2026-02-19 14:00,2026-02-21 00:00,34,0.8491
2026-02-19,2026-02-19 14:00,2026-02-21 01:00,35,0.7623
2026-02-19,2026-02-19 14:00,2026-02-21 02:00,36,0.6941
2026-02-19,2026-02-19 14:00,2026-02-21 03:00,37,0.5979
2026-02-19,2026-02-19 14:00,2026-02-21 04:00,38,0.5226
2026-02-19,2026-02-19 14:00,2026-02-21 05:00,39,0.4617
2026-02-19,2026-02-19 14:00,2026-02-21 06:00,40,0.4261
2026-02-19,2026-02-19 14:00,2026-02-21 07:00,41,0.3585
2026-02-19,2026-02-19 14:00,2026-02-21 08:00,42,0.3703
2026-02-19,2026-02-19 14:00,2026-02-21 09:00,43,0.2389
2026-02-19,2026-02-19 14:00,2026-02-21 10:00,44,0.194
2026-02-19,2026-02-19 14:00,2026-02-21 11:00,45,0.4352
2026-02-19,2026-02-19 14:00,2026-02-21 12:00,46,0.8545
2026-02-19,2026-02-19 14:00,2026-02-21 13:00,47,0.7833
2026-02-19,2026-02-19 14:00,2026-02-21 14:00,48,0.9406
2026-02-19,2026-02-19 14:00,2026-02-21 15:00,49,0.9317
2026-02-19,2026-02-19 14:00,2026-02-21 16:00,50,0.8686
2026-02-19,2026-02-19 14:00,2026-02-21 17:00,51,0.6823
2026-02-19,2026-02-19 14:00,2026-02-21 18:00,52,0.6973
2026-02-19,2026-02-19 14:00,2026-02-21 19:00,53,0.7618
2026-02-19,2026-02-19 14:00,2026-02-21 20:00,54,0.8512
2026-02-19,2026-02-19 14:00,2026-02-21 21:00,55,0.9398
2026-02-19,2026-02-19 14:00,2026-02-21 22:00,56,0.9306
2026-02-19,2026-02-19 14:00,2026-02-21 23:00,57,0.8575
2026-02-20,2026-02-20 14:00,2026-02-21 00:00,10,0.809
2026-02-20,2026-02-20 14:00,2026-02-21 01:00,11,0.8319
2026-02-20,2026-02-20 14:00,2026-02-21 02:00,12,0.8198
2026-02-20,2026-02-20 14:00,2026-02-21 03:00,13,0.6902
2026-02-20,2026-02-20 14:00,2026-02-21 04:00,14,0.5762
2026-02-20,2026-02-20 14:00,2026-02-21 05:00,15,0.4925
2026-02-20,2026-02-20 14:00,2026-02-21 06:00,16,0.4194
2026-02-20,2026-02-20 14:00,2026-02-21 07:00,17,0.4214
2026-02-20,2026-02-20 14:00,2026-02-21 08:00,18,0.3471
2026-02-20,2026-02-20 14:00,2026-02-21 09:00,19,0.2386
2026-02-20,2026-02-20 14:00,2026-02-21 10:00,20,0.1996
2026-02-20,2026-02-20 14:00,2026-02-21 11:00,21,0.5962
2026-02-20,2026-02-20 14:00,2026-02-21 12:00,22,0.9178
2026-02-20,2026-02-20 14:00,2026-02-21 13:00,23,0.9562
2026-02-20,2026-02-20 14:00,2026-02-21 14:00,24,0.9237
2026-02-20,2026-02-20 14:00,2026-02-21 15:00,25,0.8211
2026-02-20,2026-02-20 14:00,2026-02-21 16:00,26,0.6908
2026-02-20,2026-02-20 14:00,2026-02-21 17:00,27,0.5595
2026-02-20,2026-02-20 14:00,2026-02-21 18:00,28,0.4763
2026-02-20,2026-02-20 14:00,2026-02-21 19:00,29,0.4032
2026-02-20,2026-02-20 14:00,2026-02-21 20:00,30,0.4174
2026-02-20,2026-02-20 14:00,2026-02-21 21:00,31,0.5846
2026-02-20,2026-02-20 14:00,2026-02-21 22:00,32,0.6002
2026-02-20,2026-02-20 14:00,2026-02-21 23:00,33,0.6027
2026-02-20,2026-02-20 14:00,2026-02-22 00:00,34,0.6919
2026-02-20,2026-02-20 14:00,2026-02-22 01:00,35,0.625
2026-02-20,2026-02-20 14:00,2026-02-22 02:00,36,0.5193
2026-02-20,2026-02-20 14:00,2026-02-22 03:00,37,0.2867
2026-02-20,2026-02-20 14:00,2026-02-22 04:00,38,0.1414
2026-02-20,2026-02-20 14:00,2026-02-22 05:00,39,0.0629
2026-02-20,2026-02-20 14:00,2026-02-22 06:00,40,0.0348
2026-02-20,2026-02-20 14:00,2026-02-22 07:00,41,0.0134
2026-02-20,2026-02-20 14:00,2026-02-22 08:00,42,0.0217
2026-02-20,2026-02-20 14:00,2026-02-22 09:00,43,0.0334
2026-02-20,2026-02-20 14:00,2026-02-22 10:00,44,0.1095
2026-02-20,2026-02-20 14:00,2026-02-22 11:00,45,0.1273
2026-02-20,2026-02-20 14:00,2026-02-22 12:00,46,0.3639
2026-02-20,2026-02-20 14:00,2026-02-22 13:00,47,0.567
2026-02-20,2026-02-20 14:00,2026-02-22 14:00,48,0.7546
2026-02-20,2026-02-20 14:00,2026-02-22 15:00,49,0.9121
2026-02-20,2026-02-20 14:00,2026-02-22 16:00,50,0.9612
2026-02-20,2026-02-20 14:00,2026-02-22 17:00,51,0.9551
2026-02-20,2026-02-20 14:00,2026-02-22 18:00,52,0.8814
2026-02-20,2026-02-20 14:00,2026-02-22 19:00,53,0.8304
2026-02-20,2026-02-20 14:00,2026-02-22 20:00,54,0.8073
2026-02-20,2026-02-20 14:00,2026-02-22 21:00,55,0.6827
2026-02-20,2026-02-20 14:00,2026-02-22 22:00,56,0.6227
2026-02-20,2026-02-20 14:00,2026-02-22 23:00,57,0.4534
2026-02-21,2026-02-21 14:00,2026-02-22 00:00,10,0.0726
2026-02-21,2026-02-21 14:00,2026-02-22 01:00,11,0.072
2026-02-21,2026-02-21 14:00,2026-02-22 02:00,12,0.0558
2026-02-21,2026-02-21 14:00,2026-02-22 03:00,13,0.0438
2026-02-21,2026-02-21 14:00,2026-02-22 04:00,14,0.0196
2026-02-21,2026-02-21 14:00,2026-02-22 05:00,15,0.0146
2026-02-21,2026-02-21 14:00,2026-02-22 06:00,16,0.0273
2026-02-21,2026-02-21 14:00,2026-02-22 07:00,17,0.1226
2026-02-21,2026-02-21 14:00,2026-02-22 08:00,18,0.2738
2026-02-21,2026-02-21 14:00,2026-02-22 09:00,19,0.2887
2026-02-21,2026-02-21 14:00,2026-02-22 10:00,20,0.5249
2026-02-21,2026-02-21 14:00,2026-02-22 11:00,21,0.7648
2026-02-21,2026-02-21 14:00,2026-02-22 12:00,22,0.937
2026-02-21,2026-02-21 14:00,2026-02-22 13:00,23,0.958
2026-02-21,2026-02-21 14:00,2026-02-22 14:00,24,0.9764
2026-02-21,2026-02-21 14:00,2026-02-22 15:00,25,0.9733
2026-02-21,2026-02-21 14:00,2026-02-22 16:00,26,0.9799
2026-02-21,2026-02-21 14:00,2026-02-22 17:00,27,0.9647
2026-02-21,2026-02-21 14:00,2026-02-22 18:00,28,0.8925
2026-02-21,2026-02-21 14:00,2026-02-22 19:00,29,0.6093
2026-02-21,2026-02-21 14:00,2026-02-22 20:00,30,0.4111
2026-02-21,2026-02-21 14:00,2026-02-22 21:00,31,0.348
2026-02-21,2026-02-21 14:00,2026-02-22 22:00,32,0.2644
2026-02-21,2026-02-21 14:00,2026-02-22 23:00,33,0.2034
2026-02-21,2026-02-21 14:00,2026-02-23 00:00,34,0.2903
2026-02-21,2026-02-21 14:00,2026-02-23 01:00,35,0.2646
2026-02-21,2026-02-21 14:00,2026-02-23 02:00,36,0.1886
2026-02-21,2026-02-21 14:00,2026-02-23 03:00,37,0.0718
2026-02-21,2026-02-21 14:00,2026-02-23 04:00,38,0.0272
2026-02-21,2026-02-21 14:00,2026-02-23 05:00,39,0.03
2026-02-21,2026-02-21 14:00,2026-02-23 06:00,40,0.034
2026-02-21,2026-02-21 14:00,2026-02-23 07:00,41,0.0376
2026-02-21,2026-02-21 14:00,2026-02-23 08:00,42,0.042
2026-02-21,2026-02-21 14:00,2026-02-23 09:00,43,0.0372
2026-02-21,2026-02-21 14:00,2026-02-23 10:00,44,0.0451
2026-02-21,2026-02-21 14:00,2026-02-23 11:00,45,0.0768
2026-02-21,2026-02-21 14:00,2026-02-23 12:00,46,0.2258
2026-02-21,2026-02-21 14:00,2026-02-23 13:00,47,0.3112
2026-02-21,2026-02-21 14:00,2026-02-23 14:00,48,0.5346
2026-02-21,2026-02-21 14:00,2026-02-23 15:00,49,0.5868
2026-02-21,2026-02-21 14:00,2026-02-23 16:00,50,0.6039
2026-02-21,2026-02-21 14:00,2026-02-23 17:00,51,0.5444
2026-02-21,2026-02-21 14:00,2026-02-23 18:00,52,0.62
2026-02-21,2026-02-21 14:00,2026-02-23 19:00,53,0.6988
2026-02-21,2026-02-21 14:00,2026-02-23 20:00,54,0.9023
2026-02-21,2026-02-21 14:00,2026-02-23 21:00,55,0.9515
2026-02-21,2026-02-21 14:00,2026-02-23 22:00,56,0.9402
2026-02-21,2026-02-21 14:00,2026-02-23 23:00,57,0.943
2026-02-22,2026-02-22 14:00,2026-02-23 00:00,10,0.0831
2026-02-22,2026-02-22 14:00,2026-02-23 01:00,11,0.0653
2026-02-22,2026-02-22 14:00,2026-02-23 02:00,12,0.0392
2026-02-22,2026-02-22 14:00,2026-02-23 03:00,13,0.0301
2026-02-22,2026-02-22 14:00,2026-02-23 04:00,14,0.0258
2026-02-22,2026-02-22 14:00,2026-02-23 05:00,15,0.0266
2026-02-22,2026-02-22 14:00,2026-02-23 06:00,16,0.0256
2026-02-22,2026-02-22 14:00,2026-02-23 07:00,17,0.0413
2026-02-22,2026-02-22 14:00,2026-02-23 08:00,18,0.0443
2026-02-22,2026-02-22 14:00,2026-02-23 09:00,19,0.0431
2026-02-22,2026-02-22 14:00,2026-02-23 10:00,20,0.0593
2026-02-22,2026-02-22 14:00,2026-02-23 11:00,21,0.0848
2026-02-22,2026-02-22 14:00,2026-02-23 12:00,22,0.172
2026-02-22,2026-02-22 14:00,2026-02-23 13:00,23,0.2768
2026-02-22,2026-02-22 14:00,2026-02-23 14:00,24,0.4093
2026-02-22,2026-02-22 14:00,2026-02-23 15:00,25,0.5185
2026-02-22,2026-02-22 14:00,2026-02-23 16:00,26,0.6165
2026-02-22,2026-02-22 14:00,2026-02-23 17:00,27,0.7942
2026-02-22,2026-02-22 14:00,2026-02-23 18:00,28,0.911
2026-02-22,2026-02-22 14:00,2026-02-23 19:00,29,0.9304
2026-02-22,2026-02-22 14:00,2026-02-23 20:00,30,0.9337
2026-02-22,2026-02-22 14:00,2026-02-23 21:00,31,0.9525
2026-02-22,2026-02-22 14:00,2026-02-23 22:00,32,0.9708
2026-02-22,2026-02-22 14:00,2026-02-23 23:00,33,0.9624
2026-02-22,2026-02-22 14:00,2026-02-24 00:00,34,0.9747
2026-02-22,2026-02-22 14:00,2026-02-24 01:00,35,0.9567
2026-02-22,2026-02-22 14:00,2026-02-24 02:00,36,0.9403
2026-02-22,2026-02-22 14:00,2026-02-24 03:00,37,0.8903
2026-02-22,2026-02-22 14:00,2026-02-24 04:00,38,0.894
2026-02-22,2026-02-22 14:00,2026-02-24 05:00,39,0.8767
2026-02-22,2026-02-22 14:00,2026-02-24 06:00,40,0.8522
2026-02-22,2026-02-22 14:00,2026-02-24 07:00,41,0.8086
2026-02-22,2026-02-22 14:00,2026-02-24 08:00,42,0.7225
2026-02-22,2026-02-22 14:00,2026-02-24 09:00,43,0.6254
2026-02-22,2026-02-22 14:00,2026-02-24 10:00,44,0.5562
2026-02-22,2026-02-22 14:00,2026-02-24 11:00,45,0.487
2026-02-22,2026-02-22 14:00,2026-02-24 12:00,46,0.4396
2026-02-22,2026-02-22 14:00,2026-02-24 13:00,47,0.3849
2026-02-22,2026-02-22 14:00,2026-02-24 14:00,48,0.2968
2026-02-22,2026-02-22 14:00,2026-02-24 15:00,49,0.3028
2026-02-22,2026-02-22 14:00,2026-02-24 16:00,50,0.2428
2026-02-22,2026-02-22 14:00,2026-02-24 17:00,51,0.1617
2026-02-22,2026-02-22 14:00,2026-02-24 18:00,52,0.1328
2026-02-22,2026-02-22 14:00,2026-02-24 19:00,53,0.1092
2026-02-22,2026-02-22 14:00,2026-02-24 20:00,54,0.1113
2026-02-22,2026-02-22 14:00,2026-02-24 21:00,55,0.0367
2026-02-22,2026-02-22 14:00,2026-02-24 22:00,56,0.0236
2026-02-22,2026-02-22 14:00,2026-02-24 23:00,57,0.0204
2026-02-23,2026-02-23 14:00,2026-02-24 00:00,10,0.9541
2026-02-23,2026-02-23 14:00,2026-02-24 01:00,11,0.9554
2026-02-23,2026-02-23 14:00,2026-02-24 02:00,12,0.9051
2026-02-23,2026-02-23 14:00,2026-02-24 03:00,13,0.8344
2026-02-23,2026-02-23 14:00,2026-02-24 04:00,14,0.8266
2026-02-23,2026-02-23 14:00,2026-02-24 05:00,15,0.689
2026-02-23,2026-02-23 14:00,2026-02-24 06:00,16,0.6395
2026-02-23,2026-02-23 14:00,2026-02-24 07:00,17,0.6199
2026-02-23,2026-02-23 14:00,2026-02-24 08:00,18,0.5975
2026-02-23,2026-02-23 14:00,2026-02-24 09:00,19,0.5514
2026-02-23,2026-02-23 14:00,2026-02-24 10:00,20,0.5539
2026-02-23,2026-02-23 14:00,2026-02-24 11:00,21,0.5432
2026-02-23,2026-02-23 14:00,2026-02-24 12:00,22,0.5707
2026-02-23,2026-02-23 14:00,2026-02-24 13:00,23,0.5691
2026-02-23,2026-02-23 14:00,2026-02-24 14:00,24,0.5515
2026-02-23,2026-02-23 14:00,2026-02-24 15:00,25,0.5254
2026-02-23,2026-02-23 14:00,2026-02-24 16:00,26,0.4301
2026-02-23,2026-02-23 14:00,2026-02-24 17:00,27,0.3372
2026-02-23,2026-02-23 14:00,2026-02-24 18:00,28,0.2891
2026-02-23,2026-02-23 14:00,2026-02-24 19:00,29,0.295
2026-02-23,2026-02-23 14:00,2026-02-24 20:00,30,0.1822
2026-02-23,2026-02-23 14:00,2026-02-24 21:00,31,0.1176
2026-02-23,2026-02-23 14:00,2026-02-24 22:00,32,0.0437
2026-02-23,2026-02-23 14:00,2026-02-24 23:00,33,0.0208
2026-02-23,2026-02-23 14:00,2026-02-25 00:00,34,0.0222
2026-02-23,2026-02-23 14:00,2026-02-25 01:00,35,0.0224
2026-02-23,2026-02-23 14:00,2026-02-25 02:00,36,0.0319
2026-02-23,2026-02-23 14:00,2026-02-25 03:00,37,0.048
2026-02-23,2026-02-23 14:00,2026-02-25 04:00,38,0.0392
2026-02-23,2026-02-23 14:00,2026-02-25 05:00,39,0.0831
2026-02-23,2026-02-23 14:00,2026-02-25 06:00,40,0.1868
2026-02-23,2026-02-23 14:00,2026-02-25 07:00,41,0.2782
2026-02-23,2026-02-23 14:00,2026-02-25 08:00,42,0.3297
2026-02-23,2026-02-23 14:00,2026-02-25 09:00,43,0.4163
2026-02-23,2026-02-23 14:00,2026-02-25 10:00,44,0.4723
2026-02-23,2026-02-23 14:00,2026-02-25 11:00,45,0.7024
2026-02-23,2026-02-23 14:00,2026-02-25 12:00,46,0.6825
2026-02-23,2026-02-23 14:00,2026-02-25 13:00,47,0.5263
2026-02-23,2026-02-23 14:00,2026-02-25 14:00,48,0.4778
2026-02-23,2026-02-23 14:00,2026-02-25 15:00,49,0.3731
2026-02-23,2026-02-23 14:00,2026-02-25 16:00,50,0.3541
2026-02-23,2026-02-23 14:00,2026-02-25 17:00,51,0.3472
2026-02-23,2026-02-23 14:00,2026-02-25 18:00,52,0.4089
2026-02-23,2026-02-23 14:00,2026-02-25 19:00,53,0.4506
2026-02-23,2026-02-23 14:00,2026-02-25 20:00,54,0.4997
2026-02-23,2026-02-23 14:00,2026-02-25 21:00,55,0.5769
2026-02-23,2026-02-23 14:00,2026-02-25 22:00,56,0.7275
2026-02-23,2026-02-23 14:00,2026-02-25 23:00,57,0.838
2026-02-24,2026-02-24 14:00,2026-02-25 00:00,10,0.013
2026-02-24,2026-02-24 14:00,2026-02-25 01:00,11,0.0095
2026-02-24,2026-02-24 14:00,2026-02-25 02:00,12,0.013
2026-02-24,2026-02-24 14:00,2026-02-25 03:00,13,0.0195
2026-02-24,2026-02-24 14:00,2026-02-25 04:00,14,0.0237
2026-02-24,2026-02-24 14:00,2026-02-25 05:00,15,0.024
2026-02-24,2026-02-24 14:00,2026-02-25 06:00,16,0.0274
2026-02-24,2026-02-24 14:00,2026-02-25 07:00,17,0.0422
2026-02-24,2026-02-24 14:00,2026-02-25 08:00,18,0.0544
2026-02-24,2026-02-24 14:00,2026-02-25 09:00,19,0.0786
2026-02-24,2026-02-24 14:00,2026-02-25 10:00,20,0.0723
2026-02-24,2026-02-24 14:00,2026-02-25 11:00,21,0.2344
2026-02-24,2026-02-24 14:00,2026-02-25 12:00,22,0.2897
2026-02-24,2026-02-24 14:00,2026-02-25 13:00,23,0.2663
2026-02-24,2026-02-24 14:00,2026-02-25 14:00,24,0.2581
2026-02-24,2026-02-24 14:00,2026-02-25 15:00,25,0.247
2026-02-24,2026-02-24 14:00,2026-02-25 16:00,26,0.232
2026-02-24,2026-02-24 14:00,2026-02-25 17:00,27,0.1486
2026-02-24,2026-02-24 14:00,2026-02-25 18:00,28,0.15
2026-02-24,2026-02-24 14:00,2026-02-25 19:00,29,0.1586
2026-02-24,2026-02-24 14:00,2026-02-25 20:00,30,0.1419
2026-02-24,2026-02-24 14:00,2026-02-25 21:00,31,0.2379
2026-02-24,2026-02-24 14:00,2026-02-25 22:00,32,0.4984
2026-02-24,2026-02-24 14:00,2026-02-25 23:00,33,0.7409
2026-02-24,2026-02-24 14:00,2026-02-26 00:00,34,0.8229
2026-02-24,2026-02-24 14:00,2026-02-26 01:00,35,0.8415
2026-02-24,2026-02-24 14:00,2026-02-26 02:00,36,0.8422
2026-02-24,2026-02-24 14:00,2026-02-26 03:00,37,0.9365
2026-02-24,2026-02-24 14:00,2026-02-26 04:00,38,0.9134
2026-02-24,2026-02-24 14:00,2026-02-26 05:00,39,0.7126
2026-02-24,2026-02-24 14:00,2026-02-26 06:00,40,0.7549
2026-02-24,2026-02-24 14:00,2026-02-26 07:00,41,0.8289
2026-02-24,2026-02-24 14:00,2026-02-26 08:00,42,0.5647
2026-02-24,2026-02-24 14:00,2026-02-26 09:00,43,0.498
2026-02-24,2026-02-24 14:00,2026-02-26 10:00,44,0.3342
2026-02-24,2026-02-24 14:00,2026-02-26 11:00,45,0.2461
2026-02-24,2026-02-24 14:00,2026-02-26 12:00,46,0.1337
2026-02-24,2026-02-24 14:00,2026-02-26 13:00,47,0.1798
2026-02-24,2026-02-24 14:00,2026-02-26 14:00,48,0.3688
2026-02-24,2026-02-24 14:00,2026-02-26 15:00,49,0.4565
2026-02-24,2026-02-24 14:00,2026-02-26 16:00,50,0.614
2026-02-24,2026-02-24 14:00,2026-02-26 17:00,51,0.6597
2026-02-24,2026-02-24 14:00,2026-02-26 18:00,52,0.7159
2026-02-24,2026-02-24 14:00,2026-02-26 19:00,53,0.8323
2026-02-24,2026-02-24 14:00,2026-02-26 20:00,54,0.8848
2026-02-24,2026-02-24 14:00,2026-02-26 21:00,55,0.8998
2026-02-24,2026-02-24 14:00,2026-02-26 22:00,56,0.9598
2026-02-24,2026-02-24 14:00,2026-02-26 23:00,57,0.8757
2026-02-25,2026-02-25 14:00,2026-02-26 00:00,10,0.6986
2026-02-25,2026-02-25 14:00,2026-02-26 01:00,11,0.8742
2026-02-25,2026-02-25 14:00,2026-02-26 02:00,12,0.9793
2026-02-25,2026-02-25 14:00,2026-02-26 03:00,13,0.9844
2026-02-25,2026-02-25 14:00,2026-02-26 04:00,14,0.9029
2026-02-25,2026-02-25 14:00,2026-02-26 05:00,15,0.9059
2026-02-25,2026-02-25 14:00,2026-02-26 06:00,16,0.8832
2026-02-25,2026-02-25 14:00,2026-02-26 07:00,17,0.5628
2026-02-25,2026-02-25 14:00,2026-02-26 08:00,18,0.4339
2026-02-25,2026-02-25 14:00,2026-02-26 09:00,19,0.2782
2026-02-25,2026-02-25 14:00,2026-02-26 10:00,20,0.2256
2026-02-25,2026-02-25 14:00,2026-02-26 11:00,21,0.4564
2026-02-25,2026-02-25 14:00,2026-02-26 12:00,22,0.3663
2026-02-25,2026-02-25 14:00,2026-02-26 13:00,23,0.346
2026-02-25,2026-02-25 14:00,2026-02-26 14:00,24,0.3034
2026-02-25,2026-02-25 14:00,2026-02-26 15:00,25,0.4055
2026-02-25,2026-02-25 14:00,2026-02-26 16:00,26,0.4054
2026-02-25,2026-02-25 14:00,2026-02-26 17:00,27,0.4553
2026-02-25,2026-02-25 14:00,2026-02-26 18:00,28,0.6179
2026-02-25,2026-02-25 14:00,2026-02-26 19:00,29,0.7055
2026-02-25,2026-02-25 14:00,2026-02-26 20:00,30,0.7408
2026-02-25,2026-02-25 14:00,2026-02-26 21:00,31,0.7586
2026-02-25,2026-02-25 14:00,2026-02-26 22:00,32,0.8172
2026-02-25,2026-02-25 14:00,2026-02-26 23:00,33,0.8853
2026-02-25,2026-02-25 14:00,2026-02-27 00:00,34,0.8877
2026-02-25,2026-02-25 14:00,2026-02-27 01:00,35,0.9064
2026-02-25,2026-02-25 14:00,2026-02-27 02:00,36,0.936
2026-02-25,2026-02-25 14:00,2026-02-27 03:00,37,0.9562
2026-02-25,2026-02-25 14:00,2026-02-27 04:00,38,0.8581
2026-02-25,2026-02-25 14:00,2026-02-27 05:00,39,0.7393
2026-02-25,2026-02-25 14:00,2026-02-27 06:00,40,0.6531
2026-02-25,2026-02-25 14:00,2026-02-27 07:00,41,0.6118
2026-02-25,2026-02-25 14:00,2026-02-27 08:00,42,0.4941
2026-02-25,2026-02-25 14:00,2026-02-27 09:00,43,0.3617
2026-02-25,2026-02-25 14:00,2026-02-27 10:00,44,0.2224
2026-02-25,2026-02-25 14:00,2026-02-27 11:00,45,0.3483
2026-02-25,2026-02-25 14:00,2026-02-27 12:00,46,0.4387
2026-02-25,2026-02-25 14:00,2026-02-27 13:00,47,0.5081
2026-02-25,2026-02-25 14:00,2026-02-27 14:00,48,0.626
2026-02-25,2026-02-25 14:00,2026-02-27 15:00,49,0.6979
2026-02-25,2026-02-25 14:00,2026-02-27 16:00,50,0.7086
2026-02-25,2026-02-25 14:00,2026-02-27 17:00,51,0.7657
2026-02-25,2026-02-25 14:00,2026-02-27 18:00,52,0.7988
2026-02-25,2026-02-25 14:00,2026-02-27 19:00,53,0.8285
2026-02-25,2026-02-25 14:00,2026-02-27 20:00,54,0.8178
2026-02-25,2026-02-25 14:00,2026-02-27 21:00,55,0.8128
2026-02-25,2026-02-25 14:00,2026-02-27 22:00,56,0.7968
2026-02-25,2026-02-25 14:00,2026-02-27 23:00,57,0.6706
2026-02-26,2026-02-26 14:00,2026-02-27 00:00,10,0.8209
2026-02-26,2026-02-26 14:00,2026-02-27 01:00,11,0.7044
2026-02-26,2026-02-26 14:00,2026-02-27 02:00,12,0.6841
2026-02-26,2026-02-26 14:00,2026-02-27 03:00,13,0.6929
2026-02-26,2026-02-26 14:00,2026-02-27 04:00,14,0.6358
2026-02-26,2026-02-26 14:00,2026-02-27 05:00,15,0.4896
2026-02-26,2026-02-26 14:00,2026-02-27 06:00,16,0.4277
2026-02-26,2026-02-26 14:00,2026-02-27 07:00,17,0.3336
2026-02-26,2026-02-26 14:00,2026-02-27 08:00,18,0.3241
2026-02-26,2026-02-26 14:00,2026-02-27 09:00,19,0.2756
2026-02-26,2026-02-26 14:00,2026-02-27 10:00,20,0.2313
2026-02-26,2026-02-26 14:00,2026-02-27 11:00,21,0.1966
2026-02-26,2026-02-26 14:00,2026-02-27 12:00,22,0.2116
2026-02-26,2026-02-26 14:00,2026-02-27 13:00,23,0.2598
2026-02-26,2026-02-26 14:00,2026-02-27 14:00,24,0.3479
2026-02-26,2026-02-26 14:00,2026-02-27 15:00,25,0.4622
2026-02-26,2026-02-26 14:00,2026-02-27 16:00,26,0.6093
2026-02-26,2026-02-26 14:00,2026-02-27 17:00,27,0.6845
2026-02-26,2026-02-26 14:00,2026-02-27 18:00,28,0.7268
2026-02-26,2026-02-26 14:00,2026-02-27 19:00,29,0.7322
2026-02-26,2026-02-26 14:00,2026-02-27 20:00,30,0.7358
2026-02-26,2026-02-26 14:00,2026-02-27 21:00,31,0.6935
2026-02-26,2026-02-26 14:00,2026-02-27 22:00,32,0.6165
2026-02-26,2026-02-26 14:00,2026-02-27 23:00,33,0.6474
2026-02-26,2026-02-26 14:00,2026-02-28 00:00,34,0.6154
2026-02-26,2026-02-26 14:00,2026-02-28 01:00,35,0.5485
2026-02-26,2026-02-26 14:00,2026-02-28 02:00,36,0.6117
2026-02-26,2026-02-26 14:00,2026-02-28 03:00,37,0.6633
2026-02-26,2026-02-26 14:00,2026-02-28 04:00,38,0.6884
2026-02-26,2026-02-26 14:00,2026-02-28 05:00,39,0.7118
2026-02-26,2026-02-26 14:00,2026-02-28 06:00,40,0.7538
2026-02-26,2026-02-26 14:00,2026-02-28 07:00,41,0.7208
2026-02-26,2026-02-26 14:00,2026-02-28 08:00,42,0.7275
2026-02-26,2026-02-26 14:00,2026-02-28 09:00,43,0.7215
2026-02-26,2026-02-26 14:00,2026-02-28 10:00,44,0.7326
2026-02-26,2026-02-26 14:00,2026-02-28 11:00,45,0.7298
2026-02-26,2026-02-26 14:00,2026-02-28 12:00,46,0.7133
2026-02-26,2026-02-26 14:00,2026-02-28 13:00,47,0.7206
2026-02-26,2026-02-26 14:00,2026-02-28 14:00,48,0.7038
2026-02-26,2026-02-26 14:00,2026-02-28 15:00,49,0.6614
2026-02-26,2026-02-26 14:00,2026-02-28 16:00,50,0.663
2026-02-26,2026-02-26 14:00,2026-02-28 17:00,51,0.6084
2026-02-26,2026-02-26 14:00,2026-02-28 18:00,52,0.5744
2026-02-26,2026-02-26 14:00,2026-02-28 19:00,53,0.4554
2026-02-26,2026-02-26 14:00,2026-02-28 20:00,54,0.3319
2026-02-26,2026-02-26 14:00,2026-02-28 21:00,55,0.3217
2026-02-26,2026-02-26 14:00,2026-02-28 22:00,56,0.272
2026-02-26,2026-02-26 14:00,2026-02-28 23:00,57,0.3008
2026-02-27,2026-02-27 14:00,2026-02-28 00:00,10,0.662
2026-02-27,2026-02-27 14:00,2026-02-28 01:00,11,0.6497
2026-02-27,2026-02-27 14:00,2026-02-28 02:00,12,0.6971
2026-02-27,2026-02-27 14:00,2026-02-28 03:00,13,0.7201
2026-02-27,2026-02-27 14:00,2026-02-28 04:00,14,0.7464
2026-02-27,2026-02-27 14:00,2026-02-28 05:00,15,0.7337
2026-02-27,2026-02-27 14:00,2026-02-28 06:00,16,0.7195
2026-02-27,2026-02-27 14:00,2026-02-28 07:00,17,0.7182
2026-02-27,2026-02-27 14:00,2026-02-28 08:00,18,0.7488
2026-02-27,2026-02-27 14:00,2026-02-28 09:00,19,0.7642
2026-02-27,2026-02-27 14:00,2026-02-28 10:00,20,0.7951
2026-02-27,2026-02-27 14:00,2026-02-28 11:00,21,0.7266
2026-02-27,2026-02-27 14:00,2026-02-28 12:00,22,0.6903
2026-02-27,2026-02-27 14:00,2026-02-28 13:00,23,0.7677
2026-02-27,2026-02-27 14:00,2026-02-28 14:00,24,0.7762
2026-02-27,2026-02-27 14:00,2026-02-28 15:00,25,0.6955
2026-02-27,2026-02-27 14:00,2026-02-28 16:00,26,0.644
2026-02-27,2026-02-27 14:00,2026-02-28 17:00,27,0.6292
2026-02-27,2026-02-27 14:00,2026-02-28 18:00,28,0.5763
2026-02-27,2026-02-27 14:00,2026-02-28 19:00,29,0.5323
2026-02-27,2026-02-27 14:00,2026-02-28 20:00,30,0.4396
2026-02-27,2026-02-27 14:00,2026-02-28 21:00,31,0.3399
2026-02-27,2026-02-27 14:00,2026-02-28 22:00,32,0.2475
2026-02-27,2026-02-27 14:00,2026-02-28 23:00,33,0.2601
2026-02-27,2026-02-27 14:00,2026-03-01 00:00,34,0.1677
2026-02-27,2026-02-27 14:00,2026-03-01 01:00,35,0.1412
2026-02-27,2026-02-27 14:00,2026-03-01 02:00,36,0.0841
2026-02-27,2026-02-27 14:00,2026-03-01 03:00,37,0.0633
2026-02-27,2026-02-27 14:00,2026-03-01 04:00,38,0.056
2026-02-27,2026-02-27 14:00,2026-03-01 05:00,39,0.0628
2026-02-27,2026-02-27 14:00,2026-03-01 06:00,40,0.0505
2026-02-27,2026-02-27 14:00,2026-03-01 07:00,41,0.0326
2026-02-27,2026-02-27 14:00,2026-03-01 08:00,42,0.0273
2026-02-27,2026-02-27 14:00,2026-03-01 09:00,43,0.0255
2026-02-27,2026-02-27 14:00,2026-03-01 10:00,44,0.0284
2026-02-27,2026-02-27 14:00,2026-03-01 11:00,45,0.0493
2026-02-27,2026-02-27 14:00,2026-03-01 12:00,46,0.0951
2026-02-27,2026-02-27 14:00,2026-03-01 13:00,47,0.0793
2026-02-27,2026-02-27 14:00,2026-03-01 14:00,48,0.0772
2026-02-27,2026-02-27 14:00,2026-03-01 15:00,49,0.0658
2026-02-27,2026-02-27 14:00,2026-03-01 16:00,50,0.0511
2026-02-27,2026-02-27 14:00,2026-03-01 17:00,51,0.0463
2026-02-27,2026-02-27 14:00,2026-03-01 18:00,52,0.0268
2026-02-27,2026-02-27 14:00,2026-03-01 19:00,53,0.0264
2026-02-27,2026-02-27 14:00,2026-03-01 20:00,54,0.0451
2026-02-27,2026-02-27 14:00,2026-03-01 21:00,55,0.079
2026-02-27,2026-02-27 14:00,2026-03-01 22:00,56,0.222
2026-02-27,2026-02-27 14:00,2026-03-01 23:00,57,0.349
